id,domain,status,purchase_price,renewal_price,attractiveness,demand,length,registrar,created_at,expires_at,status_verified_at
563a31db-50de-4775-b1cd-b647c2e8c48a,sears.engineering,available,16.99,64.99,high,low,5,namesilo,,,29/09/2026 04:28
b3f3e22d-fdfb-4937-9cf3-78fd02e7a463,wedged.engineering,available,10.48,85.98,medium,low,6,namecheap,,,21/08/2026 21:38
4c576e72-9a15-41e0-a1c1-dadd1a1a3737,skillful.engineering,available,10.48,85.98,high,low,8,namecheap,,,21/09/2026 17:27
593be297-36bd-4dfb-b1cf-72c4ad40f8c8,radiopaque.engineering,available,10.48,85.98,high,low,10,namecheap,,,09/09/2026 09:41
5f1328ff-2454-40c0-8956-689350cde5da,bolingbroke.engineering,available,9.52,51.95,medium,low,11,spaceship,,,02/10/2026 20:26
77b7389b-7b4c-45e3-9e44-268b0d4a4aba,grilled.engineering,available,10.48,85.98,high,low,7,namecheap,,,08/08/2026 16:31
a7be225f-f136-457c-a38c-2f08c75fa0bb,hymn.engineering,available,16.99,64.99,high,low,4,namesilo,,,29/09/2026 01:20
8f8d4c2d-be7d-476b-8e15-1cdfbbaeced1,revelatory.engineering,available,10.48,85.98,high,low,10,namecheap,,,06/08/2026 00:55
e987efdf-59bf-4b44-9283-7cb51c0386ae,history.engineering,available,16.99,64.99,high,low,7,namesilo,,,28/09/2026 17:27
4fa09abb-0e9d-4458-b0cf-8a858add2c52,salazar.engineering,available,16.99,64.99,medium,low,7,namesilo,,,28/09/2026 12:15
d84486c3-be64-480c-93c1-a7349afe91a9,isaiah.engineering,available,16.99,64.99,high,low,6,namesilo,,,24/09/2026 06:53
c69b72cf-e0ae-40b4-a23d-36f85ad8d845,year.engineering,available,9.52,51.95,high,low,4,spaceship,,,30/09/2026 14:04
8290a983-822b-4818-99a6-725b145ca032,maris.engineering,available,6.69,52.01,high,low,5,porkbun,,,30/09/2026 05:12
93eccfc3-d4b3-4260-affc-9ecd2a410295,rockingham.engineering,available,10.48,85.98,medium,low,10,namecheap,,,28/09/2026 13:42
7f95474a-5c0d-47a0-8364-9cb2a83a0a2e,pillock.engineering,available,10.48,85.98,low,low,7,namecheap,,,10/09/2026 23:13
e619664d-e220-42a3-963e-f1edbe39fea2,defended.engineering,available,6.64,53.72,low,low,8,dynadot,,,29/09/2026 05:23
bd21dff4-df40-4d54-822f-2002f4370a65,paddy.engineering,available,10.48,85.98,high,low,5,namecheap,,,01/10/2026 20:32
3bec87bb-c180-487f-8562-835aba41d01f,hindenburg.engineering,available,16,,high,low,10,unstoppable,,,29/09/2026 19:09
6749ae20-287d-47a6-83cb-6d188f037b2b,ebony.engineering,available,10.48,85.98,high,low,5,namecheap,,,14/08/2026 23:09
d50a07dc-f7eb-4b31-9397-e9c3d63e9880,nation.engineering,available,16.99,64.99,high,low,6,namesilo,,,29/09/2026 03:15
43e39476-88ee-4ac0-a28b-4f760e297d87,alalia.engineering,available,16.99,64.99,medium,low,6,namesilo,,,18/09/2026 01:40
eb140dc3-db74-41b2-a89a-ef14c3919bb9,twilit.engineering,available,10.48,85.98,medium,low,6,namecheap,,,14/08/2026 21:33
59b25d5e-1218-4fe4-af4a-b9cf8bf4b8da,declared.engineering,available,10.48,85.98,medium,low,8,namecheap,,,13/08/2026 21:46
2f8c06c1-023f-4e20-ae48-af3b42e5fe15,rabbits.engineering,available,9.52,51.95,medium,low,7,spaceship,,,28/09/2026 05:05
e758667c-060b-4eb4-b867-894fe28dbcba,slighting.engineering,available,10.48,85.98,medium,low,9,namecheap,,,09/08/2026 13:15
6dc8ab7c-3368-43d3-ba25-3f17ba5e9523,queried.engineering,available,16.99,64.99,medium,low,7,namesilo,,,20/09/2026 15:21
0fd43a3e-32cc-4e97-b3b1-79e396382b8a,reporting.engineering,available,16,64.99,high,low,9,unstoppable,,,30/09/2026 09:52
cc93a68b-8172-4d6b-875a-489f543553e4,chinese.engineering,available,10.48,85.98,high,low,7,namecheap,,,12/08/2026 05:43
e2425840-33e6-499c-992b-9315adfe798e,speechless.engineering,available,16.99,64.99,medium,low,10,namesilo,,,19/09/2026 16:52
b076af54-cb4f-46cd-8547-5dd41049963e,diaphanous.engineering,available,10.48,85.98,medium,low,10,namecheap,,,12/08/2026 14:26
77a70a97-c139-48a7-8fd1-c49465fcfd24,carbonated.engineering,available,10.48,85.98,medium,low,10,namecheap,,,11/08/2026 18:39
bbd1a482-986d-4d96-9c83-7083bd9150de,discal.engineering,available,9.52,51.95,medium,low,6,spaceship,,,30/09/2026 04:23
6368b45b-047b-47bf-88ae-e3fe42c18774,motile.engineering,available,10.48,85.98,medium,low,6,namecheap,,,25/08/2026 07:18
ada206a5-79cb-42d5-a43e-fe9d348765c4,dome.engineering,available,16.99,64.99,high,low,4,namesilo,,,29/09/2026 00:15
50798a69-711a-42c8-8d9f-767581ce7ae5,sic.engineering,available,10.48,85.98,high,low,3,namecheap,,,16/09/2026 01:41
8929ea98-da2e-473b-ade5-9e2a612d8146,abstinent.engineering,available,10.48,85.98,high,low,9,namecheap,,,
aed44fc3-5d35-4679-bc9e-ca7fc8566b76,larceny.engineering,available,10.48,85.98,medium,low,7,namecheap,,,11/09/2026 13:18
1cabc0c9-39f7-4496-84c3-4729dc910499,pcc.engineering,available,16.99,64.99,high,low,3,namesilo,,,29/09/2026 14:59
94d33762-d34d-41c2-945f-c78440951ad9,imbalance.engineering,available,16.99,64.99,medium,low,9,namesilo,,,20/09/2026 18:40
985cbe81-de9f-4d17-96b5-880a18179204,prose.engineering,available,6.69,52.01,high,low,5,porkbun,,,30/09/2026 07:46
b1eb4d4a-580d-4d95-8a0f-5b9b4b212b4a,hornless.engineering,available,10.48,85.98,medium,low,8,namecheap,,,21/08/2026 14:06
c4250989-8ce7-4972-ba7d-1ab898f6aa02,theatrical.engineering,available,10.48,85.98,high,low,10,namecheap,,,11/09/2026 12:33
e850e714-552c-4767-b6f5-70f6856ff05a,fha.engineering,available,9.52,51.95,high,low,3,spaceship,,,30/09/2026 17:17
036299cd-87e8-4346-9071-d86c07846cda,boy.engineering,available,9.52,51.95,high,low,3,spaceship,,,29/09/2026 03:52
e248e685-6ffb-4b04-ac08-6f2b38b8f81e,anguine.engineering,available,10.48,85.98,low,low,7,namecheap,,,
69e62edd-d3ca-4b68-bb4a-960dfa382383,cloning.engineering,available,16.99,64.99,high,low,7,namesilo,,,24/09/2026 15:52
a78b9b55-509f-4796-ae27-c7d34a0226a7,poisoned.engineering,available,6.64,53.72,medium,low,8,dynadot,,,27/09/2026 17:38
88a05f22-9d5d-47c7-8e0d-e7be28f756e3,diehards.engineering,available,10.48,85.98,low,low,8,namecheap,,,20/09/2026 23:29
bc37e6a7-6fcb-4a7f-b5e3-bdf4542d0f72,cultivars.engineering,available,50.2,50.2,low,low,9,cloudflare,,,28/09/2026 00:23
b00c84d5-cb61-41ff-8a0b-5d8b49b11b2f,anecdotal.engineering,available,10.48,85.98,medium,low,9,namecheap,,,
9ed0ffff-b9b2-4a09-bec5-d0102fa28b05,peas.engineering,available,16.99,64.99,medium,low,4,namesilo,,,18/09/2026 10:13
ad1021b2-e357-4634-95ec-2bfeef75c145,starkest.engineering,available,16.99,64.99,low,low,8,namesilo,,,20/09/2026 22:48
4434ee6a-26fa-4e4c-8af8-06883d3d4e10,nevin.engineering,available,6.64,53.72,medium,low,5,dynadot,,,02/10/2026 09:51
64328ebb-1248-4e2b-b4a8-e22fdc60f5cb,weil.engineering,available,16.99,64.99,medium,low,4,namesilo,,,19/09/2026 04:20
c30b1e7a-0e4b-4ae1-8dae-05dcd9a71200,convene.engineering,available,10.48,85.98,high,low,7,namecheap,,,30/09/2026 17:58
c276bf10-18be-4879-8c7d-329b1be45452,professional.engineering,premium,118.8,118.8,high,low,12,namesilo,,,25/09/2026 11:40
1233cc73-891a-48be-accf-f5f8e048ab14,dysphoric.engineering,available,10.48,85.98,medium,low,9,namecheap,,,14/08/2026 22:07
e6d9e0c1-1ab3-4d2a-861f-0249edcaf533,hypotonic.engineering,available,10.48,85.98,medium,low,9,namecheap,,,21/08/2026 17:19
dc86f8cb-91e8-46e6-bdc7-60fc75cd7e59,electricity.engineering,available,10.48,85.98,high,low,11,namecheap,,,02/10/2026 10:51
03c28bde-4d41-4432-9b6f-12fff5b5dbd6,comal.engineering,available,10.48,85.98,low,low,5,namecheap,,,12/08/2026 18:23
eb9c98e6-3069-4c17-9a86-5ffc4a2d8cf5,connoisseur.engineering,available,16,64.99,high,low,11,unstoppable,,,02/10/2026 10:39
dcf92e50-8976-4669-b26d-b88862a47b1c,bavarian.engineering,available,10.48,85.98,medium,low,8,namecheap,,,09/08/2026 02:00
08eaf8a7-4aae-4cf4-98be-11defacdc46b,divert.engineering,available,11.99,86.99,high,low,6,name.com,,,24/09/2026 07:57
1b327149-dd6c-4bb4-9269-cc0805090c48,acetic.engineering,available,10.48,85.98,medium,low,6,namecheap,,,
54e6a096-418b-46e6-ad0f-82ba41eb55c4,pouf.engineering,available,10.48,85.98,high,low,4,namecheap,,,09/09/2026 08:13
77c81a56-3b0d-4650-b3d8-5afbfb1fd5d3,leaflet.engineering,available,10.48,85.98,high,low,7,namecheap,,,24/09/2026 07:08
28571613-8434-4e9d-bc16-7459d6636326,nurse.engineering,available,16.99,64.99,high,low,5,namesilo,,,29/09/2026 22:12
5455de45-219b-494f-a47d-ee7aaefe69cd,knockdown.engineering,available,10.48,85.98,high,low,9,namecheap,,,22/08/2026 16:34
aa2f1b03-615e-49bb-a7c6-cf7a4fe09e0d,greville.engineering,available,50.2,50.2,medium,low,8,cloudflare,,,02/10/2026 10:48
a34caa63-fd54-4de3-b1c3-ee531fe9eae9,gidgee.engineering,available,10.48,85.98,medium,low,6,namecheap,,,16/09/2026 20:01
7d68dbd6-283e-4319-b399-9e924c9bff29,pension.engineering,available,16.99,64.99,high,low,7,namesilo,,,28/09/2026 10:42
298770a7-3738-4a14-b4bb-1697560000be,idiotic.engineering,available,10.48,85.98,medium,low,7,namecheap,,,24/09/2026 01:17
31337c0c-af9c-4825-a922-91cfe645d2d8,champions.engineering,available,16.99,64.99,high,low,9,namesilo,,,28/09/2026 13:32
7add04d6-f39c-4156-a117-4d59f07b270b,twig.engineering,available,9.52,51.95,high,low,4,spaceship,,,02/10/2026 04:09
f8969a3b-30a1-4a20-a927-28040325029c,troubles.engineering,available,10.48,85.98,medium,low,8,namecheap,,,27/09/2026 02:38
d92b310b-e96a-4a5b-9eb6-397aa6269158,arapahoe.engineering,available,11.99,86.99,medium,low,8,name.com,,,20/09/2026 00:11
c5029fde-144a-48ca-821f-a72af74302b9,christa.engineering,available,50.2,50.2,medium,low,7,cloudflare,,,03/10/2026 05:15
7e14b281-cd44-4844-8c64-0016fd7d20da,sweptwing.engineering,available,10.48,85.98,medium,low,9,namecheap,,,11/09/2026 05:46
1b2511f0-436e-4828-adaa-5cb6c300d4bd,gas.engineering,premium,512,512,high,low,3,namesilo,,,30/09/2026 01:57
76a8f109-13f0-4f8f-8e80-5637733bc2da,insane.engineering,resell,,,medium,low,6,"Spaceship, Inc.",20/01/2026 23:05,20/01/2027 23:05,26/09/2026 06:53
545472db-0815-4922-8402-925b5301d517,auklet.engineering,available,16.99,64.99,medium,low,6,namesilo,,,21/09/2026 04:08
3c4caf40-c44a-41dc-b397-3fbbac57bff2,strand.engineering,available,10.48,85.98,high,low,6,namecheap,,,24/08/2026 16:26
1d3f5432-a4c7-4667-b9b8-f5e901e4f110,grotesque.engineering,available,10.48,85.98,medium,low,9,namecheap,,,
24c58963-1660-4518-b8f4-c9b791538c8c,pseud.engineering,available,10.48,85.98,medium,low,5,namecheap,,,09/09/2026 05:04
641afef1-a73c-49dc-b9de-d36422b05a5a,kochia.engineering,available,16.99,64.99,medium,low,6,namesilo,,,22/09/2026 12:18
80db831c-b991-42a6-9757-b43d6e0847c2,tripartite.engineering,available,10.48,85.98,medium,low,10,namecheap,,,11/09/2026 14:23
b79919e2-b1e4-4eea-990b-ae2debad4c19,guarded.engineering,available,10.48,85.98,high,low,7,namecheap,,,20/08/2026 20:41
dec40601-d657-4ba7-8661-969b7d384ed3,shuffle.engineering,available,50.2,50.2,high,low,7,cloudflare,,,29/09/2026 13:56
18de9c82-0cde-413f-afdd-b9f6598c7531,rodents.engineering,available,16.99,64.99,low,low,7,namesilo,,,30/09/2026 15:36
3fee7ad7-1df1-4fdd-bf49-7d8cfb24192b,sawtooth.engineering,available,11.99,,medium,low,9,name.com,,,
a654d7f8-a11f-4251-8777-ac8f2f9db972,widower.engineering,available,16,,medium,low,7,unstoppable,,,30/09/2026 11:20
c99637ea-50cd-46fe-b32f-8e3e9f70a849,handsomely.engineering,available,10.48,85.98,high,low,10,namecheap,,,14/09/2026 22:57
2acc34ff-3ebb-483f-b32b-f1355bf152e8,bagasse.engineering,available,10.48,85.98,medium,low,7,namecheap,,,21/09/2026 17:47
f5f53728-1519-4ec3-bd47-9bbdc1cc7bc7,debates.engineering,available,10.48,85.98,medium,low,7,namecheap,,,02/10/2026 02:29
47cded32-eaff-4cf2-9f53-301dab0ee4cc,swimmingly.engineering,available,10.48,85.98,medium,low,10,namecheap,,,16/09/2026 02:58
1b7d0fb7-7794-413f-a769-facfaaf67257,scag.engineering,available,16.99,64.99,medium,low,4,namesilo,,,23/09/2026 14:40
bb8f10f1-dc8e-4fa7-a947-66efd9be1d4b,nada.engineering,available,10.48,85.98,high,low,4,namecheap,,,03/09/2026 22:31
37e5be11-2990-480a-bca2-ba8d195ba435,zach.engineering,available,16.99,64.99,high,medium,4,namesilo,,,28/09/2026 04:11
1cf7ab42-777a-4bfe-9820-3561b95bc19e,those.engineering,available,16.99,64.99,medium,low,5,namesilo,,,01/10/2026 01:32
22a30ecc-8e8f-426f-92bb-22af7844595d,adrenalin.engineering,available,16.99,64.99,high,low,9,namesilo,,,17/09/2026 09:56
83e613f0-f02a-4f52-8816-523ae273bd1b,chavez.engineering,available,9.52,51.95,high,low,6,spaceship,,,28/09/2026 01:29
344f9c4f-a9a8-47bb-8854-7d090ce89d4f,melo.engineering,available,9.52,51.95,high,low,4,spaceship,,,30/09/2026 21:58
ff22df86-6886-4d1b-a8e9-c511411b9bac,adaptation.engineering,available,16.99,64.99,high,low,10,namesilo,,,17/09/2026 06:27
c54ce7cb-3ab1-4b13-877f-e2c9d59f26aa,prussian.engineering,available,10.48,85.98,high,low,8,namecheap,,,09/09/2026 04:50
5d9d9db2-4c95-4a0c-8218-f2b2b4ad8770,ser.engineering,available,23.99,115.99,high,low,3,godaddy,,,01/10/2026 00:20
8430f8ff-26c7-446a-bfc0-da9ecf84ee08,passively.engineering,available,10.48,85.98,medium,low,9,namecheap,,,15/09/2026 19:09
5bc43297-739e-4d36-bcba-b580beb20c80,hiv.engineering,premium,78.54,78.54,high,low,3,namesilo,,,25/09/2026 07:23
c6270025-7fd1-42db-aaca-0943c3ae383d,acadian.engineering,available,10.48,85.98,high,low,7,namecheap,,,16/09/2026 20:29
a50b0f32-31ae-4eb3-bed1-29fe0740ce04,substantial.engineering,available,9.52,51.95,high,low,11,spaceship,,,01/10/2026 05:35
d7fb3a20-0545-47be-9d8f-2d6657b6623a,relish.engineering,available,9.52,51.95,high,low,6,spaceship,,,29/09/2026 21:47
ae2086d3-040d-4567-9216-567aa8e7cbe9,wideband.engineering,available,10.48,85.98,high,low,8,namecheap,,,13/09/2026 11:50
d979304c-ca24-4193-99b3-e7da8ca84ecb,cdrom.engineering,available,9.52,51.95,medium,low,6,spaceship,,,30/09/2026 16:37
67c476ac-fd87-42df-8917-40389f95ba13,maxwell.engineering,available,50.2,50.2,high,low,7,cloudflare,,,28/09/2026 06:04
32ed596b-9c91-4b5f-9190-2ade6c185b40,rheologic.engineering,available,10.48,85.98,medium,low,9,namecheap,,,09/09/2026 16:35
e0e6e3fa-b962-4990-b36c-0ffd1b43ae8b,besieged.engineering,available,10.48,85.98,low,low,8,namecheap,,,09/08/2026 15:25
8f9a6008-2b86-49ab-9281-58c926a6622e,sassy.engineering,available,10.48,85.98,high,low,5,namecheap,,,04/09/2026 20:24
8a23584b-1a36-47c3-bd42-23928a9811f9,empyreal.engineering,available,10.48,85.98,medium,low,8,namecheap,,,16/08/2026 20:53
428c1f3a-ab1f-4125-8e86-52ae1c9d9e4c,guaranteed.engineering,available,16,,high,low,10,unstoppable,,,28/09/2026 04:50
1f5134b0-a0d6-45f5-a37b-ccf9ecda9e04,knives.engineering,available,16.99,64.99,medium,low,6,namesilo,,,28/09/2026 05:00
eb8a7250-ff0e-4b68-bafa-cedc80925629,chicness.engineering,available,10.48,85.98,high,low,8,namecheap,,,12/08/2026 04:44
67022278-6364-4edc-baf2-eef5effbef87,foes.engineering,available,16.99,64.99,low,low,4,namesilo,,,18/09/2026 06:38
58328754-0c49-429f-b79b-139bf5f37399,vilna.engineering,available,16,,medium,low,5,unstoppable,,,01/10/2026 18:52
c60fbc3f-b060-4d60-8b88-483024aac7df,hulk.engineering,available,16.99,64.99,high,low,4,namesilo,,,29/09/2026 13:05
70273830-a4b0-4f28-a45f-64814583f765,groups.engineering,available,16.99,64.99,high,low,6,namesilo,,,02/10/2026 20:42
59892d36-c36d-4c2a-90ad-4a47ff313714,paddlefish.engineering,available,10.48,85.98,medium,low,10,namecheap,,,14/08/2026 20:48
7dfe455f-d598-430b-a817-09cc6b3a0b4d,osman.engineering,available,50.2,50.2,medium,low,5,cloudflare,,,28/09/2026 22:06
3d4ab337-8be4-4bff-95ec-ce98b39b9d79,suppliers.engineering,available,16.99,64.99,high,low,9,namesilo,,,01/10/2026 00:17
94f19f26-c70c-4bb0-9b26-f637f6c6eb44,reputable.engineering,available,10.48,85.98,high,low,9,namecheap,,,09/09/2026 14:45
975985d2-1bab-447c-9fc6-cddee47b160a,delinquency.engineering,available,10.48,85.98,medium,low,11,namecheap,,,02/10/2026 22:11
4df12f03-8336-4d96-9187-6fad3422a742,ofc.engineering,available,9.52,51.95,medium,low,3,spaceship,,,29/09/2026 03:35
6860530a-449e-439f-b2bf-db39a4e30c08,crossly.engineering,available,10.48,85.98,low,low,7,namecheap,,,14/09/2026 09:42
15cd3206-6139-4f68-99f7-090959b34ef5,diet.engineering,premium,118.8,118.8,high,low,4,namesilo,,,24/09/2026 22:16
87554f52-4914-4355-acf5-3a9374a61996,betrayer.engineering,available,16.99,64.99,medium,low,8,namesilo,,,23/09/2026 11:31
a0c6793d-3946-4e3a-bb69-9d16fc256704,langmuir.engineering,available,6.69,52.01,medium,low,8,porkbun,,,03/10/2026 01:20
1692c95c-c743-45a6-bb38-a5bab44ee872,dunfermline.engineering,available,10.48,85.98,medium,low,11,namecheap,,,02/10/2026 10:34
2522519a-ad2f-4ebe-8bb6-70e180d4f5b0,performative.engineering,available,10.48,85.98,high,low,12,namecheap,,,02/10/2026 18:22
0058d196-86bc-4147-a545-fc5cfaecafd6,consider.engineering,available,16.99,64.99,high,low,8,namesilo,,,24/09/2026 05:21
cdcd70e8-4808-409b-a4cd-6b6f318be934,sacco.engineering,available,16.99,64.99,high,low,5,namesilo,,,02/10/2026 16:12
31aa7a51-b59f-40cf-9db6-e2b447a5aa59,scenarios.engineering,available,16.99,64.99,medium,low,9,namesilo,,,29/09/2026 17:21
768e1ee3-0bc1-4e5d-b114-c087060313d3,glad.engineering,available,10.48,85.98,high,low,4,namecheap,,,22/09/2026 18:28
eeca8e3a-8966-4eb7-be92-bc1781fa4d5d,comical.engineering,available,16.99,64.99,high,low,7,namesilo,,,23/09/2026 15:19
dfe1b3d3-9953-4b71-9246-4bd0c2ac6f9b,fanny.engineering,available,10.48,85.98,medium,low,5,namecheap,,,09/08/2026 12:00
46f75d7c-a7c1-49ed-b38f-503f497a5e40,seriously.engineering,available,16.99,64.99,medium,low,9,namesilo,,,28/09/2026 13:17
28325d12-12fd-4fde-b6bd-3f0d299e0db6,estimator.engineering,available,16,,high,low,9,unstoppable,,,29/09/2026 18:08
e2abd6ee-7272-4259-ba34-0063343d4d68,arborvitae.engineering,available,16.99,64.99,medium,low,10,namesilo,,,20/09/2026 00:54
dbb528fb-de7e-4836-80e8-003a16a6ed40,wives.engineering,available,11.99,,medium,low,5,name.com,,,
94916bcc-f4dc-479f-a976-15d6407e6e05,interlaced.engineering,available,10.48,85.98,medium,low,10,namecheap,,,22/08/2026 08:04
c9717f7f-bd22-4831-b38d-567020d612a2,patter.engineering,available,10.48,85.98,high,low,6,namecheap,,,15/09/2026 20:21
3b3819b1-9783-40a5-8c42-4b7d3b4983b0,brigand.engineering,available,16.99,64.99,medium,low,7,namesilo,,,22/09/2026 01:20
2b3ccd1f-7c6a-4282-992d-5ad907ba2511,hierarchic.engineering,available,10.48,85.98,medium,low,10,namecheap,,,21/08/2026 08:20
13f9de9f-ccfb-4179-a31a-856f8429869c,suckers.engineering,available,50.2,50.2,medium,low,7,cloudflare,,,30/09/2026 16:06
f97cb4df-1ce0-4795-aa2a-02a6aba1c9fd,contamination.engineering,available,6.64,53.72,medium,low,13,dynadot,,,29/09/2026 22:52
44bb36c1-9aeb-4246-ab89-ef56378fc680,uncool.engineering,available,10.48,85.98,medium,low,6,namecheap,,,12/09/2026 06:11
f881fd90-d07c-4fc8-a2af-35835953eb5e,bernd.engineering,available,16.99,64.99,high,low,5,namesilo,,,01/10/2026 23:12
68def381-60e1-499b-8885-5a8a05894fba,abulia.engineering,available,16.99,64.99,medium,low,6,namesilo,,,16/09/2026 16:41
0bb23cdf-668e-41a1-8476-e0f5658dc2d6,belfry.engineering,available,16.99,64.99,medium,low,6,namesilo,,,23/09/2026 04:56
b7497280-ec87-4161-83f2-e0afd82c47cc,bilges.engineering,available,16.99,64.99,medium,low,6,namesilo,,,23/09/2026 15:54
c316d481-9a3a-4838-80cb-ee8f39c0f529,auxesis.engineering,available,16.99,64.99,medium,low,7,namesilo,,,21/09/2026 08:33
c673b323-c86c-4c83-8ca2-7bc0a2273eb4,roxbury.engineering,available,50.2,50.2,medium,low,7,cloudflare,,,28/09/2026 12:20
3b362985-2e9b-4be9-99af-93d15236b7a1,rod.engineering,available,9.52,51.95,high,low,3,spaceship,,,29/09/2026 20:44
7d1bdccf-e22c-4a30-b753-52ef6d74a935,loren.engineering,available,9.52,51.95,high,low,5,spaceship,,,02/10/2026 05:39
6fccc467-e441-4d0b-a269-d05886eeecde,barany.engineering,available,16.99,64.99,medium,low,6,namesilo,,,22/09/2026 04:13
f368a4e8-5967-4d47-88d8-86302acce29e,ashland.engineering,available,16.99,64.99,high,low,7,namesilo,,,27/09/2026 08:14
c0fea232-59f8-44e9-9fd5-31b977dd54a5,winn.engineering,available,16,,high,low,4,unstoppable,,,29/09/2026 15:04
4675488c-44c2-4f91-b082-9ebf47ee5249,dias.engineering,available,16.99,64.99,high,low,4,namesilo,,,22/09/2026 09:17
11e1f13e-1fe2-47fc-978d-09516e8ea217,relocation.engineering,available,16.99,64.99,high,low,10,namesilo,,,29/09/2026 13:46
e41da989-5df0-4165-a2ef-ee92ad5be38c,crenshaw.engineering,available,9.52,51.95,high,low,8,spaceship,,,30/09/2026 04:24
40451148-7315-4d49-a0bb-2c3f4bcfef9f,ostensive.engineering,available,10.48,85.98,medium,low,9,namecheap,,,04/09/2026 18:31
784b1fc3-9d99-45e0-a616-e5720c2cd6a0,ventures.engineering,premium,,,high,low,8,,,,01/10/2026 17:59
d81a1f60-ad95-49ae-9cec-1a203561c3f2,downtime.engineering,available,10.48,85.98,high,low,8,namecheap,,,24/09/2026 23:41
3bd05032-9005-4c69-9a8b-6a64ba041a81,enliven.engineering,available,10.48,85.98,high,low,7,namecheap,,,22/09/2026 04:56
9c715954-c862-4721-b1d5-036030b7c781,hari.engineering,available,6.64,53.72,high,low,4,dynadot,,,29/09/2026 09:52
81de69c2-e45d-4fa8-b8bb-8cb5db514f47,seville.engineering,available,9.52,51.95,medium,low,7,spaceship,,,30/09/2026 18:37
6d661df6-97ae-4dac-8422-f6dc9b25747a,motherly.engineering,available,10.48,85.98,high,low,8,namecheap,,,25/08/2026 07:06
f07d251c-8bef-4ac6-94ab-fe2571d1981d,cups.engineering,available,10.48,85.98,medium,low,4,namecheap,,,18/09/2026 07:17
b190fe81-6f9c-4326-ade1-9ce5711d0d54,chairmen.engineering,available,16.99,64.99,medium,low,8,namesilo,,,18/09/2026 22:56
4ad1ba48-67ca-40b5-a27c-8989c865475a,speedy.engineering,available,10.48,85.98,high,low,6,namecheap,,,09/09/2026 08:40
de8cc6aa-faca-4250-ba25-c67226d4a684,sewn.engineering,available,10.48,85.98,medium,low,4,namecheap,,,10/09/2026 05:07
12695397-b8e4-49f8-b993-0223219025aa,farewell.engineering,available,9.52,51.95,high,low,8,spaceship,,,28/09/2026 01:53
9779db66-6020-4ea2-8011-d803395eba14,billings.engineering,available,16.99,64.99,high,low,8,namesilo,,,23/09/2026 16:32
efe6561f-dfa8-4041-8660-d7af119c3295,woodville.engineering,available,16,,medium,low,9,unstoppable,,,30/09/2026 22:08
729cdfd3-f6e8-45ad-a83e-5e1f2b83e188,cyprian.engineering,available,11.99,86.99,medium,low,7,name.com,,,13/08/2026 14:02
15acf0a0-ff91-4d00-9a06-643d03a68d64,muggy.engineering,available,10.48,85.98,medium,low,5,namecheap,,,03/09/2026 10:31
4ac87fb4-e691-4322-ba7a-138eaeaabeb9,bartlett.engineering,available,10.48,85.98,high,low,8,namecheap,,,22/09/2026 09:19
7754b1b9-cb52-4d79-928c-93dbacc13dfb,worst.engineering,available,9.52,51.95,medium,low,5,spaceship,,,28/09/2026 10:59
4a8a201f-2456-428c-8dea-a46cb58c958f,council.engineering,available,10.48,85.98,high,low,7,namecheap,,,24/09/2026 18:38
6a5bd3eb-2bc7-41c0-9a16-64873323a09f,unlatched.engineering,available,10.48,85.98,medium,low,9,namecheap,,,12/09/2026 01:38
d77e5591-4800-42ef-98ee-6122c5550152,dogsledding.engineering,available,16.99,64.99,medium,low,11,namesilo,,,20/09/2026 01:02
429efd5c-20dd-4ae3-9453-a006634b9eab,shute.engineering,available,16.99,64.99,medium,low,5,namesilo,,,02/10/2026 16:11
7e0eabd3-e899-49a4-8ce7-80167d483959,saucy.engineering,available,10.48,85.98,high,low,5,namecheap,,,21/08/2026 22:17
f804354c-59e6-45fa-8339-bf93fcd6b383,bargaining.engineering,available,16.99,64.99,high,low,10,namesilo,,,22/09/2026 05:36
f025886f-13a6-476f-839c-44fdbd1253e4,chose.engineering,available,16.99,64.99,high,low,5,namesilo,,,30/09/2026 22:35
d51df94e-8483-47a9-b5e3-5b2ec7aa9d7c,notify.engineering,available,16.99,64.99,high,low,6,namesilo,,,30/09/2026 15:16
78583b42-c018-4e64-b4aa-ddff2a048ef8,sumter.engineering,available,9.52,51.95,high,low,6,spaceship,,,28/09/2026 12:23
308ad63f-41c1-4f93-a551-bdf94783ffbe,gautama.engineering,available,16.99,64.99,medium,low,7,namesilo,,,02/10/2026 14:29
4709a9c2-fc86-4567-a26d-b4bc402910a8,lawfully.engineering,available,11.99,86.99,medium,low,8,name.com,,,13/08/2026 19:09
bc4d7544-41fa-40eb-8849-fbc4afd2745f,hostility.engineering,available,16.99,64.99,medium,low,9,namesilo,,,19/09/2026 12:25
c087b92a-961e-4c21-99bf-6e0f85d03ad1,squalid.engineering,available,10.48,85.98,medium,low,7,namecheap,,,10/09/2026 14:31
0ecd62c3-184c-4646-b2b1-202553bce28a,blossoms.engineering,available,9.52,51.95,medium,low,8,spaceship,,,01/10/2026 16:35
eb507ed3-8457-4ae7-99ef-7c8d6386dc45,chummy.engineering,available,10.48,85.98,high,low,6,namecheap,,,11/08/2026 07:44
3481e142-6ff5-4dab-9950-725776909779,steak.engineering,available,9.52,51.95,high,low,5,spaceship,,,30/09/2026 11:53
16f319a9-ccc2-422c-9b04-9b00be55b114,shivaree.engineering,available,10.48,85.98,medium,low,8,namecheap,,,23/09/2026 06:07
7eff3cf9-4774-46a4-b672-626b39183d46,chaim.engineering,available,16.99,64.99,medium,low,5,namesilo,,,29/09/2026 22:18
34ace689-9ddd-46fe-a58b-f2d5edf0a156,araroba.engineering,available,10.48,85.98,medium,low,7,namecheap,,,20/09/2026 00:14
a0407bea-5b85-4752-9506-3f48d34e1e13,fireplace.engineering,available,9.52,51.95,high,low,9,spaceship,,,28/09/2026 14:11
b6c3327d-4801-4f82-bdf9-e7d90e62b331,spill.engineering,available,9.52,51.95,high,low,5,spaceship,,,27/09/2026 15:56
f6d79eec-0ac0-41fc-a33b-eff8b78a5d47,slavish.engineering,available,10.48,85.98,medium,low,7,namecheap,,,10/09/2026 10:38
943e71ce-b9c8-43dd-8b34-f7ef7196bbcd,stables.engineering,available,16.99,64.99,medium,low,7,namesilo,,,28/09/2026 23:40
0e99312e-7aa1-4676-96ec-96f1a951ed54,timed.engineering,available,10.48,85.98,high,low,5,namecheap,,,11/09/2026 16:00
97bb8fbd-f741-48e0-95a9-e84b7b6d36a6,rosedale.engineering,available,16.99,64.99,high,low,8,namesilo,,,02/10/2026 01:06
5dfad94f-d126-4bfd-bcbc-4a102cbc36d1,montage.engineering,available,9.52,51.95,high,low,7,spaceship,,,02/10/2026 04:25
74a5de2f-e01e-4009-bb3a-ff3f11cbe180,eighter.engineering,available,10.48,85.98,medium,low,7,namecheap,,,
7ccfe0cb-f2ff-4518-9420-aff909aacaf6,axletree.engineering,available,16.99,64.99,medium,low,8,namesilo,,,21/09/2026 10:27
0e3dd8f9-fe4c-4b95-8009-974409f39060,hacking.engineering,available,6.64,53.72,high,low,7,dynadot,,,01/10/2026 20:42
0d39341e-fc6d-4cf1-8674-3d5a3130411f,wires.engineering,available,10.48,85.98,medium,low,5,namecheap,,,28/09/2026 04:36
fb4ac97d-5f83-4cc7-b518-2bea90b0991f,jody.engineering,available,6.64,53.72,high,low,4,dynadot,,,01/10/2026 22:41
70d10b12-c757-407c-84e5-abb446bdee52,berra.engineering,available,16.99,64.99,medium,low,5,namesilo,,,23/09/2026 10:04
bb84e9b8-d757-4d6d-973e-a0e49d0f1c0a,aphrodisia.engineering,available,16.99,64.99,medium,low,10,namesilo,,,19/09/2026 17:14
6775fa6b-d423-4d46-8b1b-cbdc325b3fe7,craftsmanship.engineering,available,9.52,51.95,medium,low,13,spaceship,,,01/10/2026 16:14
c7056102-c864-4d8a-9089-bd987d39a750,transaction.engineering,available,6.69,52.01,high,low,11,porkbun,,,01/10/2026 10:33
28060bd5-0d82-49d0-b6b1-ce3f12cbb0af,avail.engineering,available,16.99,64.99,high,low,5,namesilo,,,21/09/2026 08:37
44604900-7e5d-49a3-84f4-8c369ef21979,neurotic.engineering,available,10.48,85.98,medium,low,8,namecheap,,,03/09/2026 16:23
10238adc-22f0-4ec2-a0f6-acbf64d570e1,valves.engineering,available,16.99,64.99,medium,low,6,namesilo,,,29/09/2026 23:44
1361f005-7bee-4b59-9077-694bdece3b70,consistent.engineering,available,10.48,85.98,high,low,10,namecheap,,,12/08/2026 16:01
1ea11913-2121-4ebb-a730-6d6b628d75ce,consistency.engineering,available,6.64,53.72,high,low,11,dynadot,,,29/09/2026 16:04
4f91ccd5-181b-4aba-87e5-a750f4ce8eae,randy.engineering,available,10.48,85.98,medium,low,5,namecheap,,,21/08/2026 14:08
6e8d9ec5-8a2b-45dd-8beb-24001937f328,grooming.engineering,available,16.99,64.99,high,low,8,namesilo,,,02/10/2026 05:08
d86731b4-b70a-40b8-8f6b-d0bebbf9024f,cyr.engineering,available,6.64,53.72,medium,low,3,dynadot,,,03/10/2026 04:27
2895aab1-9905-4ecb-8984-79443fad8122,meet.engineering,premium,250,250,high,low,4,name.com,,,24/08/2026 19:18
369b60f3-1500-4b95-9814-656648990df6,telescopic.engineering,available,10.48,85.98,medium,low,10,namecheap,,,11/09/2026 10:24
f327ebe8-6be6-4e85-ad37-e3cedd5ee6ad,birchbark.engineering,available,10.48,85.98,medium,low,9,namecheap,,,23/09/2026 19:23
1ac6e439-3166-4821-b132-d2e6894876a7,mahayana.engineering,available,16,,medium,low,8,unstoppable,,,01/10/2026 02:57
25d7dffa-3b6a-4d0b-8ebf-e8779ab45d8c,scaley.engineering,available,10.48,85.98,medium,low,6,namecheap,,,09/09/2026 22:18
b5168d6e-3470-4055-8dc3-f01c54b096a1,sunhat.engineering,available,10.48,85.98,high,low,6,namecheap,,,30/09/2026 12:15
59af1d4b-fb19-47d6-8c8d-28c4b33e3ef8,chaldean.engineering,available,10.48,85.98,medium,low,8,namecheap,,,12/08/2026 01:26
960a3e91-aee6-4108-aaca-a9e883bba9ea,hoarding.engineering,available,16.99,64.99,medium,low,8,namesilo,,,23/09/2026 16:09
2400a46c-60c5-4385-8e3d-585134958f03,provinces.engineering,available,10.48,85.98,medium,low,9,namecheap,,,18/09/2026 15:35
f15fb933-dc00-4fd6-818f-c04451e334fc,spines.engineering,available,10.48,85.98,low,low,6,namecheap,,,02/10/2026 22:03
78a761d8-8b29-4ddd-bcd0-620836aa7bed,nihilistic.engineering,available,10.48,85.98,medium,low,10,namecheap,,,03/09/2026 17:24
f8551e44-7e6d-476a-bde0-33aa76094146,dependant.engineering,available,10.48,85.98,medium,low,9,namecheap,,,14/08/2026 02:08
7b041e85-61ac-4f31-8d8b-6a71c616daef,bezzant.engineering,available,10.48,85.98,low,low,7,namecheap,,,23/09/2026 12:17
ca0732df-b1c0-4eef-84a2-896a5f7a0372,adjectives.engineering,available,10.48,85.98,medium,low,10,namecheap,,,18/09/2026 16:11
964b26b6-ca1b-4701-b5aa-38e7fb6c5626,sob.engineering,available,10.48,85.98,high,low,3,namecheap,,,08/08/2026 23:48
65692afa-b800-4479-919b-08b1b606d4a0,clerks.engineering,available,10.48,85.98,medium,low,6,namecheap,,,29/09/2026 23:28
ff54d6f7-ab58-46c7-9584-09d661c735ba,gunner.engineering,available,16.99,64.99,high,low,6,namesilo,,,20/09/2026 11:48
3576e7a9-5276-4dd1-a1a6-be5d90a45065,habitual.engineering,available,10.48,85.98,high,low,8,namecheap,,,20/08/2026 21:28
d1133a0d-930e-4060-a0ba-f855d7ca39e7,krishna.engineering,available,16.99,64.99,high,low,7,namesilo,,,29/09/2026 07:26
2b59a489-dc24-4faf-a603-c91dc7729e95,aldo.engineering,available,9.52,51.95,high,low,4,spaceship,,,29/09/2026 04:10
a02b0961-684f-43d0-9ccf-abba25d89a94,bury.engineering,available,50.2,50.2,high,low,4,cloudflare,,,30/09/2026 16:51
ad4a995d-7ba6-4ecc-9705-19086e8a6cf7,chronological.engineering,available,16,,medium,low,13,unstoppable,,,01/10/2026 04:53
00e506cd-a832-40b0-877c-28f0a9025c25,offroader.engineering,available,16.99,64.99,medium,low,10,namesilo,,,18/09/2026 09:00
7d3f7a6c-fb97-4607-bb04-679b5ab46419,extravert.engineering,available,10.48,85.98,high,low,9,namecheap,,,17/08/2026 19:28
68ade2ed-d278-4b93-bf3b-931996e7b12f,stretching.engineering,available,9.52,51.95,medium,low,10,spaceship,,,29/09/2026 02:14
e37494f4-ef0f-4944-bce5-836edae39848,yesteryear.engineering,available,10.48,85.98,high,low,10,namecheap,,,08/09/2026 10:02
356296f6-23c8-468a-80a6-78fb2e9c502d,tbilisi.engineering,available,9.52,51.95,medium,low,7,spaceship,,,28/09/2026 20:36
250890cb-96cd-420d-916a-0b29eec9e6c7,negotiations.engineering,available,16.99,64.99,medium,low,12,namesilo,,,17/09/2026 08:01
edc0ebe3-1610-4df2-8c24-90b279f55e55,zimbabwean.engineering,available,10.48,85.98,high,low,10,namecheap,,,13/09/2026 15:19
8b2e8e55-dbc4-456a-87c5-58937debf84e,skins.engineering,available,50.2,50.2,high,low,5,cloudflare,,,29/09/2026 05:06
da8853d5-250e-42b9-b743-3eaf016535e0,budding.engineering,available,10.48,85.98,high,low,7,namecheap,,,11/08/2026 07:42
52b3d784-159a-484b-906f-753d85d356d4,liver.engineering,available,10.48,85.98,high,low,5,namecheap,,,24/08/2026 08:02
9caeecbe-7875-49b6-959a-a300bfd473b3,macaulay.engineering,available,6.64,53.72,medium,low,8,dynadot,,,28/09/2026 14:12
6cebcf97-8e2d-4bef-b254-27114919e696,shaftesbury.engineering,available,6.69,52.01,high,low,11,porkbun,,,30/09/2026 05:22
d320f790-c1fa-483a-a0c0-0db3b770d147,bangla.engineering,available,16.99,64.99,high,low,6,namesilo,,,22/09/2026 01:51
ee59c7ba-4bac-44c9-a135-19d2a6790d33,sus.engineering,available,16.99,64.99,high,low,3,namesilo,,,28/09/2026 14:17
09221187-b01b-4074-9f7b-b36672d02f68,copesetic.engineering,available,10.48,85.98,medium,low,9,namecheap,,,13/08/2026 00:22
d033b4d4-ec46-4d8d-a34d-16c60cd0c352,unedited.engineering,available,10.48,85.98,medium,low,8,namecheap,,,12/09/2026 08:51
02b27108-32d4-489c-9b06-02c47202a196,nobly.engineering,available,10.48,85.98,medium,low,5,namecheap,,,15/09/2026 16:42
49c6ba6a-d836-47c5-955f-4cfd8c51e404,fiasco.engineering,available,9.52,51.95,medium,low,6,spaceship,,,02/10/2026 14:49
f054059a-429c-4303-8479-8d38744d617e,rolla.engineering,available,50.2,50.2,medium,low,5,cloudflare,,,02/10/2026 10:01
6bccca00-621d-4f70-8be7-7e31a2dc8416,operate.engineering,available,16.99,64.99,high,low,7,namesilo,,,25/09/2026 06:12
a8dcd2df-0c7b-4af8-8ae9-afaf67e461ae,clove.engineering,available,16.99,64.99,high,low,5,namesilo,,,24/09/2026 16:05
134b459f-0755-4dcc-b9b8-c74de3c075d7,vented.engineering,available,10.48,85.98,medium,low,6,namecheap,,,13/09/2026 02:12
5e268b7f-09fc-476b-9117-3d77de31df6f,brazenly.engineering,available,10.48,85.98,medium,low,8,namecheap,,,14/09/2026 01:24
1c965071-127e-46e6-a567-081c4e082d42,gamey.engineering,available,10.48,85.98,medium,low,5,namecheap,,,18/08/2026 19:57
884af927-88c7-4dbb-9f6c-6bdbbd53d697,rewarded.engineering,available,10.48,85.98,medium,low,8,namecheap,,,28/09/2026 23:21
f0ea0a6c-8b7b-489a-8de3-df5de8de163e,bister.engineering,available,16.99,64.99,medium,low,6,namesilo,,,23/09/2026 22:08
3393a5aa-5587-4cd2-ac6e-74bc2c7b576a,booty.engineering,available,6.64,53.72,high,low,5,dynadot,,,29/09/2026 11:44
e0895617-6fad-44b3-8468-71577f5d6d52,johannesburg.engineering,available,9.52,51.95,high,low,12,spaceship,,,02/10/2026 08:19
63ebfe2c-652b-4816-9317-61033d561cc5,guitars.engineering,available,50.2,50.2,medium,low,7,cloudflare,,,01/10/2026 17:52
52499681-c4a8-4880-bc7d-91d5d30333c0,karim.engineering,available,50.2,50.2,medium,low,5,cloudflare,,,29/09/2026 03:37
7f4a2536-333d-4b66-92f1-05336e594b4a,carpetbag.engineering,available,10.48,85.98,medium,low,9,namecheap,,,11/08/2026 19:44
75d6768f-3c25-4cf1-8eb1-513a19e6280e,few.engineering,available,16.99,64.99,high,low,3,namesilo,,,24/09/2026 17:38
59d91415-a9ae-4fd4-85e0-544c085b95cb,palacios.engineering,available,50.2,50.2,medium,low,8,cloudflare,,,02/10/2026 20:39
933a8e22-eb20-4e6b-8554-681ee6003b7d,whiskey.engineering,available,16.99,64.99,high,low,7,namesilo,,,27/09/2026 16:19
da84ea84-e19b-4b14-9962-6c8d0684182e,dmz.engineering,available,16.99,64.99,high,low,3,namesilo,,,03/10/2026 00:28
09be1adf-410a-404e-9407-6978b3da5531,arum.engineering,available,10.48,85.98,medium,low,4,namecheap,,,06/08/2026 20:20
7cc8640d-bced-45c2-b119-7f6207e95e4d,escorting.engineering,available,6.64,53.72,high,low,9,dynadot,,,02/10/2026 18:17
06252903-87f7-414f-a2a2-aab433aee6ec,nts.engineering,available,10.48,85.98,high,low,3,namecheap,,,01/10/2026 08:33
206d729a-043c-4d0b-abe0-008d3c889c85,spidery.engineering,available,10.48,85.98,medium,low,7,namecheap,,,06/08/2026 11:46
ac957b94-0a8f-4b3c-83f6-fbbb0a940ff5,connects.engineering,available,16.99,64.99,high,low,8,namesilo,,,29/09/2026 11:28
d7361bfa-cb50-4c69-a7e4-c9d5c187b148,builder.engineering,available,9.52,51.95,high,low,7,spaceship,,,29/09/2026 05:12
28c4d621-c143-4d87-a8d2-a2c1a3b3005e,adrift.engineering,available,10.48,85.98,medium,low,6,namecheap,,,
4e34c5d3-dbe7-4dc2-9af9-c8a6f9ffc932,marry.engineering,available,10.48,85.98,high,low,5,namecheap,,,13/09/2026 09:36
4799f25e-f357-4777-b77d-0e7e34d126d8,inhibition.engineering,available,9.52,51.95,high,low,10,spaceship,,,01/10/2026 02:41
dfa76c0e-d5f9-401d-9c36-3b29d85b6c11,achromatic.engineering,available,10.48,85.98,medium,low,10,namecheap,,,
aabb378f-3eb2-4e80-aed4-54a31b013b63,interrupt.engineering,available,11.99,86.99,high,low,9,name.com,,,13/08/2026 12:38
cd868e58-5ffc-4304-ac1c-6cd27fca6ff9,salute.engineering,available,16,,high,low,6,unstoppable,,,28/09/2026 06:25
692df0a9-8396-4144-a981-b43a68ae0e47,bitterness.engineering,available,11.99,86.99,medium,low,10,name.com,,,17/09/2026 03:08
96240adf-3d6a-4542-8f95-f5d51ba00461,utmost.engineering,available,16.99,64.99,high,low,6,namesilo,,,24/09/2026 17:09
8b9f8cec-0005-4839-b569-fbd4b4375b27,changeless.engineering,available,10.48,85.98,medium,low,10,namecheap,,,12/08/2026 01:58
6e359934-9ee9-4f7d-acf5-6de8e617f0ff,sedgy.engineering,available,10.48,85.98,medium,low,5,namecheap,,,10/09/2026 01:38
02af57d6-be29-481c-8781-7474bef230a0,tasks.engineering,available,11.99,,high,low,5,name.com,,,
d0cb7b71-70ec-4c84-81e1-a500bc017992,binary.engineering,available,10.48,85.98,high,low,6,namecheap,,,01/10/2026 19:29
f691bbb8-c1da-4fa4-badf-439a02da49c0,ursula.engineering,available,50.2,50.2,medium,low,6,cloudflare,,,28/09/2026 03:44
69779339-3cd1-4ff3-b9a5-affdd0080087,homespun.engineering,available,10.48,85.98,high,low,8,namecheap,,,13/08/2026 04:23
50d38783-6a61-4ab5-a366-4c81e90e34df,shafts.engineering,available,9.52,51.95,medium,low,6,spaceship,,,30/09/2026 15:34
2cfafd79-b2fb-4ce6-a2d7-d5c737964e70,sindhi.engineering,available,16,,medium,low,6,unstoppable,,,03/10/2026 02:06
87667c53-a84f-4828-acaa-94b868e2cf60,darcy.engineering,available,16.99,64.99,high,low,5,namesilo,,,30/09/2026 00:47
7f184ead-62a0-4fc6-851e-375d09e56a5e,ing.engineering,available,50.2,50.2,high,low,3,cloudflare,,,02/10/2026 01:10
6e01d310-9110-4b91-a4ea-3fa941c1a24b,hillsdale.engineering,available,16.99,64.99,medium,low,9,namesilo,,,29/09/2026 22:46
df250d96-41a2-4c63-98bb-10aab1c9b6a5,film.engineering,premium,200.5,242,high,low,4,unstoppable,,,02/10/2026 18:00
92832b69-e3cc-40ef-aaef-eb4bfb1a8523,accord.engineering,available,16.99,64.99,high,low,6,namesilo,,,16/09/2026 22:54
f4d6a123-b61f-412d-ba73-a4b7ce968823,sint.engineering,available,50.2,50.2,medium,low,4,cloudflare,,,01/10/2026 16:45
3fa6a5ba-4196-4371-843d-31535af0e8df,disaster.engineering,available,16.99,64.99,high,low,8,namesilo,,,24/09/2026 11:38
00498082-bdfe-4cca-aaeb-5e338cdbc0f6,macleish.engineering,available,10.48,85.98,medium,low,8,namecheap,,,20/09/2026 02:03
831349fc-8605-4211-bfb3-a71a493f07ae,ivry.engineering,available,16.99,64.99,medium,low,4,namesilo,,,22/09/2026 15:16
2aff4189-d107-4389-aeb7-4b77699f5603,moulds.engineering,available,10.48,85.98,medium,low,6,namecheap,,,20/09/2026 13:57
bf9e1cf6-2fdb-4a4c-aa0b-22eeb881ca6d,kabul.engineering,available,9.52,51.95,medium,low,5,spaceship,,,27/09/2026 12:08
5dda2912-446e-4d07-ae91-c22e595f5863,abstracter.engineering,available,10.48,85.98,medium,low,10,namecheap,,,16/09/2026 18:30
aa3219d1-c554-4106-8ba8-c5b3cc8888a5,divers.engineering,available,9.52,51.95,high,low,6,spaceship,,,01/10/2026 09:26
bf98af00-4049-4516-9f80-207330ad28d8,tray.engineering,available,50.2,50.2,high,low,4,cloudflare,,,02/10/2026 01:23
e82ef32a-9f89-4614-ac14-785bc7fcb700,should.engineering,available,16,,high,low,6,unstoppable,,,30/09/2026 23:35
ad9f1d6f-c620-490d-b7f3-28561b9c6fe5,frothy.engineering,available,10.48,85.98,medium,low,6,namecheap,,,11/08/2026 07:22
933de296-db66-425a-ba4d-a0f500d78191,flavorful.engineering,available,10.48,85.98,high,low,9,namecheap,,,18/08/2026 07:04
e9746c94-7249-4c16-98a1-c4548360ca06,ernesto.engineering,available,9.52,51.95,medium,low,7,spaceship,,,28/09/2026 07:52
e97e7428-585c-45d5-993d-73d1dc292622,glendale.engineering,available,9.52,51.95,high,low,8,spaceship,,,01/10/2026 10:33
86106aa0-6517-4ed1-bcb8-81cc6408c07d,sideline.engineering,available,10.48,85.98,high,low,8,namecheap,,,21/09/2026 09:42
de0859a4-8c3c-4baf-b130-f902eddec2c7,colossal.engineering,available,10.48,85.98,high,low,8,namecheap,,,12/08/2026 17:57
8db2f2ea-11e1-47f7-9ad8-f26cd70b038e,frankford.engineering,available,9.52,51.95,medium,low,9,spaceship,,,01/10/2026 23:38
14aa3c2e-6a9c-4fa9-b3b2-1c9b17c51b5e,wildcats.engineering,available,9.52,51.95,medium,low,8,spaceship,,,02/10/2026 03:20
60f58b0d-edac-4ae8-bed4-d5a094fba2a8,antipodal.engineering,available,10.48,85.98,medium,low,9,namecheap,,,
44e26559-255a-4276-a05d-61bcf5428db5,starred.engineering,available,10.48,85.98,medium,low,7,namecheap,,,07/08/2026 08:52
f9f94f33-c570-46fd-9567-deed2a6c5784,unfortunately.engineering,available,10.48,85.98,medium,low,13,namecheap,,,01/10/2026 06:06
b9326d59-3c02-4303-a031-a7677335e032,assignment.engineering,available,10.48,85.98,high,low,10,namecheap,,,19/09/2026 21:59
80ee1be4-401d-4c79-b052-6826ad671802,googler.engineering,available,16.99,64.99,high,low,7,namesilo,,,01/10/2026 22:14
70cd8898-98d7-43b2-b162-f5b647c79910,haa.engineering,available,16.99,64.99,high,low,3,namesilo,,,30/09/2026 12:30
40c1ba1b-4553-4ad7-a03f-5de637c283d0,insomniac.engineering,available,10.48,85.98,high,low,9,namecheap,,,22/08/2026 07:22
6dcd7f9f-fdc2-4844-981f-31e15cb4da8a,sleeper.engineering,available,9.52,51.95,medium,low,7,spaceship,,,29/09/2026 06:29
7d6476cc-6bc7-42c9-880d-1b20bf1b3673,similarity.engineering,available,9.52,51.95,high,low,10,spaceship,,,29/09/2026 19:30
e2afbbfd-4bc7-4c1a-a07e-dad626f48e07,bivalent.engineering,available,10.48,85.98,high,low,8,namecheap,,,10/08/2026 08:58
1e71f7fe-2548-49c7-9bb7-3540c28ea338,hirsute.engineering,available,10.48,85.98,medium,low,7,namecheap,,,20/08/2026 22:11
91eb9661-ceff-47a3-98b8-852c92dc2bce,durer.engineering,available,16.99,64.99,medium,low,5,namesilo,,,18/09/2026 03:18
6299cc8c-097c-4475-a491-fb4166b16d54,conceivable.engineering,available,9.52,51.95,high,low,11,spaceship,,,02/10/2026 02:06
d832a7b7-6585-4fa4-8a39-74847f86334a,traced.engineering,available,16.99,64.99,medium,low,6,namesilo,,,28/09/2026 13:04
8f64c903-0520-4ea3-b572-d96d9a91f6d6,cooling.engineering,available,10.48,85.98,high,low,7,namecheap,,,12/08/2026 05:28
d461f232-4f49-48f9-97e0-dd53b6159f02,cerulean.engineering,available,10.48,85.98,high,low,8,namecheap,,,08/08/2026 03:10
7d5b7793-38e9-45e3-acfd-0319dcd6f18a,prominence.engineering,available,16.99,64.99,high,low,10,namesilo,,,24/09/2026 11:05
f6c72db9-4dd9-46d8-839f-f4e230090190,plausibly.engineering,available,10.48,85.98,medium,low,9,namecheap,,,14/09/2026 09:28
70868ffc-8223-4b07-a42c-557157736394,mpc.engineering,available,16.99,64.99,high,low,3,namesilo,,,30/09/2026 22:14
8bb2f5be-324a-413c-b39d-2892bc97db30,peruvian.engineering,available,10.48,85.98,high,low,8,namecheap,,,08/09/2026 18:07
5e67d7f3-529f-42b8-9ab5-6575c7ce749d,lockout.engineering,available,16.99,64.99,medium,low,7,namesilo,,,03/10/2026 01:31
b30b9eb3-07f5-4f77-be88-f2bb9a722d43,slogans.engineering,available,10.48,85.98,medium,low,7,namecheap,,,02/10/2026 22:51
6e6fe046-7e72-43ba-abbc-99e70f381ae4,endured.engineering,available,9.52,51.95,medium,low,7,spaceship,,,29/09/2026 23:57
f9ceb646-6e3d-4ed0-842f-8fb2375a5854,campy.engineering,available,10.48,85.98,medium,low,5,namecheap,,,11/08/2026 15:48
3b682cb5-785c-4ef2-8e8f-4c642d9ec2e1,impure.engineering,available,10.48,85.98,medium,low,6,namecheap,,,21/08/2026 23:30
45373994-7c78-4b1a-8335-6bee05e2acdc,drying.engineering,available,16.99,64.99,high,low,6,namesilo,,,16/09/2026 09:24
579be955-661a-48f7-bdeb-d9ff1fb16510,palmate.engineering,available,10.48,85.98,medium,low,7,namecheap,,,04/09/2026 23:55
5de4d284-1be9-435b-8721-6349ba28e902,seminars.engineering,available,16,,medium,low,8,unstoppable,,,30/09/2026 23:46
5cb5db0d-4443-46bc-8eb3-099179bbc151,globular.engineering,available,10.48,85.98,medium,low,8,namecheap,,,08/08/2026 10:06
7407ef12-ddae-4a6b-a94d-c1430b0d508d,height.engineering,available,10.48,85.98,high,low,6,namecheap,,,25/09/2026 19:39
c35033b9-502a-4b3f-93f4-d0dafd688a0d,reporter.engineering,available,16.99,64.99,high,low,8,namesilo,,,25/09/2026 09:33
54c9f675-8147-4013-9c36-23f58602ad2b,curved.engineering,available,10.48,85.98,high,low,6,namecheap,,,13/08/2026 11:47
27fe5d00-2346-498a-8940-ff50e5de60e3,musicals.engineering,available,10.48,85.98,medium,low,8,namecheap,,,01/10/2026 17:51
934db998-00a6-4eca-84ec-e5e5a924765e,amnionic.engineering,available,10.48,85.98,medium,low,8,namecheap,,,
b5bab533-1564-4f88-9b54-3f433c319bfd,tracing.engineering,available,16.99,64.99,high,low,7,namesilo,,,30/09/2026 13:25
5bf39b54-68af-46c2-96f9-abadee4a2778,harmful.engineering,available,10.48,85.98,medium,low,7,namecheap,,,08/09/2026 09:32
ae8acee4-c1d0-4a69-aa79-e678aee50ece,informative.engineering,available,16,,high,low,11,unstoppable,,,01/10/2026 21:44
b0752546-4875-4696-92de-a73e247274a8,ocher.engineering,available,10.48,85.98,high,low,5,namecheap,,,04/09/2026 00:31
9961a8d2-ee23-488f-a168-cc771dfd684f,spills.engineering,available,9.52,51.95,medium,low,6,spaceship,,,02/10/2026 22:44
95826361-de36-4575-ac39-6f5aaf457d0f,freaks.engineering,available,10.48,85.98,low,low,6,namecheap,,,30/09/2026 00:34
023b3925-58b0-44f3-b9c8-b3a66716a9cc,thump.engineering,available,10.48,85.98,high,low,5,namecheap,,,11/09/2026 15:06
de72d8ea-d7ce-42c4-8a94-b85f2930048d,hhs.engineering,available,16,,high,low,3,unstoppable,,,29/09/2026 12:02
07ea5fee-4551-4076-bb60-df4dc37a4e6d,biotitic.engineering,available,10.48,85.98,medium,low,8,namecheap,,,10/08/2026 03:33
ce52c53d-0b2f-4550-b4bf-b561391da34f,overheard.engineering,available,16.99,64.99,medium,low,9,namesilo,,,29/09/2026 22:55
780cb7fd-5452-4842-86a3-c0b32b96bfe5,dopey.engineering,available,10.48,85.98,medium,low,5,namecheap,,,14/08/2026 16:04
49ab05de-f5ee-4d5d-9f79-28137b711d78,ambivalence.engineering,available,11.99,,high,low,11,name.com,,,
e1964021-afd2-44e8-bf63-22906ce0ae0d,salisbury.engineering,available,10.48,85.98,high,low,9,namecheap,,,24/09/2026 12:37
84c19cfc-8c4d-43b3-84e2-ffec0b18982c,respective.engineering,available,9.52,51.95,medium,low,10,spaceship,,,30/09/2026 14:27
42f7577d-c737-4633-a9a8-3eec518f9df8,dewan.engineering,available,9.52,51.95,high,low,5,spaceship,,,02/10/2026 18:49
3616c164-a221-41db-b9e6-868a018118a1,committees.engineering,available,16.99,64.99,medium,low,10,namesilo,,,20/09/2026 09:05
cb5fd248-5438-4f96-9643-b2a0e2b37f6c,catechu.engineering,available,10.48,85.98,medium,low,7,namecheap,,,16/09/2026 20:04
a6c18a58-1016-4f36-af00-54eda7199cc0,trigon.engineering,available,10.48,85.98,high,low,6,namecheap,,,11/09/2026 19:46
e51bef04-10a4-4fd3-9661-c18e8c79e048,crippled.engineering,available,10.48,85.98,medium,low,8,namecheap,,,13/08/2026 07:00
9af4d95d-8558-4631-ba8a-a1bf1949d94c,tierce.engineering,available,10.48,85.98,medium,low,6,namecheap,,,
362152db-8c37-4dab-9624-fb9b07c635c5,temerity.engineering,available,16.99,64.99,medium,low,8,namesilo,,,21/09/2026 02:48
4c604d11-e9e1-47b6-b87e-ba9625e19849,entranced.engineering,available,10.48,85.98,medium,low,9,namecheap,,,09/08/2026 10:11
a8fb2d45-31f5-4a83-bea1-de168aa0499f,moi.engineering,available,16.99,64.99,high,low,3,namesilo,,,01/10/2026 01:27
eb8e5c54-084a-4b33-bc0e-f40ad946496c,cataloging.engineering,available,16,,medium,low,10,unstoppable,,,02/10/2026 02:32
40bfd858-a46b-401c-bf6d-15af38110254,toxicant.engineering,available,10.48,85.98,medium,low,8,namecheap,,,08/09/2026 22:42
440127a1-b9d0-4354-9623-219e1eef03cf,genitalia.engineering,available,9.52,51.95,medium,low,9,spaceship,,,02/10/2026 05:01
53155d26-e650-49ba-9bc6-00daf140f7f1,center.engineering,premium,99.5,118.8,high,low,6,unstoppable,,,30/09/2026 13:21
b60ff872-9b73-4d4e-9c8e-696c84e13edf,palaver.engineering,available,10.48,85.98,medium,low,7,namecheap,,,23/09/2026 23:26
f0fa8ac0-bd49-4adc-9f2e-77e8e722ae35,fated.engineering,available,10.48,85.98,medium,low,5,namecheap,,,17/08/2026 23:32
e6809d21-473c-4759-8b05-2dc9372c8238,boxlike.engineering,available,10.48,85.98,medium,low,7,namecheap,,,10/08/2026 23:56
2b031dba-49d3-4ec3-a5d0-40ee6d4d1cc1,knockout.engineering,available,50.2,50.2,medium,low,8,cloudflare,,,29/09/2026 04:50
59e83b4f-3fb0-45d6-9314-af50f1d05be4,memorably.engineering,available,10.48,85.98,medium,low,9,namecheap,,,15/09/2026 14:01
5fba399a-bf95-4e6e-a47f-48de17bb5a66,amazons.engineering,available,16.99,64.99,medium,low,7,namesilo,,,21/09/2026 05:29
7f141a5d-c50d-4bc7-b9a2-42270f38d077,rockville.engineering,available,16,,medium,low,9,unstoppable,,,28/09/2026 16:09
b7714024-bb3d-43b4-a26d-3a55280a86c5,espouse.engineering,available,10.48,85.98,high,low,7,namecheap,,,13/09/2026 09:39
5caaf411-019b-45d5-b498-8bfb05da6809,multitude.engineering,available,9.52,51.95,high,low,9,spaceship,,,29/09/2026 10:33
416446d1-b80c-4dbf-9768-8f7a88e692e2,hatred.engineering,available,50.2,50.2,medium,low,6,cloudflare,,,29/09/2026 22:18
4a1ff573-4953-4d16-9900-de4c6aebe3dc,cosmogenic.engineering,available,10.48,85.98,medium,low,10,namecheap,,,13/08/2026 03:00
f6dff884-86e1-4302-9ee6-bbab666140d4,understands.engineering,available,6.69,52.01,high,low,11,porkbun,,,28/09/2026 00:05
2ab6562e-82c0-4b69-a2be-78c5d0f22408,alcohols.engineering,available,10.48,85.98,medium,low,8,namecheap,,,20/09/2026 18:31
d4474ccb-d5e2-431f-badc-45d5b86fb499,title.engineering,available,16,64.99,high,low,5,unstoppable,,,02/10/2026 13:09
9661e69c-1b44-4892-8413-0b0d36caf277,ike.engineering,available,6.64,53.72,high,low,3,dynadot,,,29/09/2026 17:21
1b148936-2228-45bd-9734-c8234885d798,summer.engineering,premium,260,260,high,low,6,namecheap,,,27/09/2026 05:34
2c9fb461-efb1-4455-a099-3f45b659e6a5,headteacher.engineering,available,50.2,50.2,high,low,12,cloudflare,,,02/10/2026 16:28
bc65d6e7-325b-4ba0-a2a8-8bf8d55f13ca,shang.engineering,available,9.52,51.95,medium,low,5,spaceship,,,28/09/2026 20:25
955c9334-6e75-4823-b0bf-942920aab13b,mat.engineering,available,10.48,85.98,high,low,3,namecheap,,,08/09/2026 07:48
e4dd128e-4a6c-4884-a5f9-fc985bed0e88,microfilm.engineering,available,9.52,51.95,high,low,9,spaceship,,,02/10/2026 16:06
e1def228-f612-4a58-9575-9632435c56a0,decoration.engineering,available,50.2,50.2,high,low,10,cloudflare,,,28/09/2026 18:55
370ef2c6-b543-44ec-9aa4-7de1b9e4574c,exchange.engineering,available,16.99,64.99,high,low,8,namesilo,,,02/10/2026 23:42
2e790701-28a1-4d71-977c-de4906c67961,ardennes.engineering,available,10.48,85.98,medium,low,8,namecheap,,,20/09/2026 03:09
b8a26991-3d8c-4247-b1b7-369661eb21b4,detrimental.engineering,available,50.2,50.2,medium,low,11,cloudflare,,,02/10/2026 17:33
a93fc241-2d55-4e8f-9a00-38b6054ad988,replacements.engineering,available,6.64,53.72,medium,low,12,dynadot,,,29/09/2026 17:20
a1f68391-3d4f-41ea-abf4-66e911fda4fb,petroglyphs.engineering,available,16,,medium,low,11,unstoppable,,,02/10/2026 23:09
bafcc512-4c19-41f2-9c6d-cf0a56cb2fa8,sacrificed.engineering,available,6.64,53.72,low,low,10,dynadot,,,28/09/2026 17:16
59c4f0b6-0249-44a6-aa20-c39416ab6037,reunite.engineering,available,16,,high,low,7,unstoppable,,,01/10/2026 04:25
8e878c31-4457-4cbd-a69d-6976f2690e44,mexicans.engineering,available,16.99,64.99,medium,low,8,namesilo,,,18/09/2026 23:08
ac9530f7-f40c-4aef-bc40-3292f2a3ada8,toot.engineering,available,16.99,64.99,high,low,4,namesilo,,,23/09/2026 01:30
f09286be-7d8a-4b54-98b5-a15593d03806,apar.engineering,available,16.99,64.99,medium,low,4,namesilo,,,19/09/2026 16:14
ea3bf861-7b48-4901-95fe-17c8965f72fd,appalling.engineering,available,10.48,85.98,medium,low,9,namecheap,,,06/08/2026 04:31
e70a720e-ad9f-411e-9e15-272deabc5b5a,fields.engineering,available,16.99,64.99,high,low,6,namesilo,,,25/09/2026 22:46
6612eed6-c659-4380-b5c7-ab70a98f6b98,positional.engineering,available,10.48,85.98,medium,low,10,namecheap,,,09/09/2026 00:06
dba150ff-3cb4-4def-b65a-1b46419dc67f,wasteland.engineering,available,10.48,85.98,medium,low,9,namecheap,,,08/08/2026 21:11
5fdfd441-da4d-4a45-b203-6b2ac8493211,surgical.engineering,premium,118.8,118.8,high,low,8,namesilo,,,11/09/2026 04:01
525d4f65-23c6-4a65-882d-27ecf5a17d0a,hasty.engineering,available,10.48,85.98,medium,low,5,namecheap,,,21/08/2026 01:15
5b30df5f-518e-4719-a0f8-51f46d9be664,creditable.engineering,available,10.48,85.98,high,low,10,namecheap,,,13/08/2026 05:54
0d013236-3879-457b-82a9-111f3f098b38,cluttered.engineering,available,10.48,85.98,medium,low,9,namecheap,,,12/08/2026 13:12
461e771b-91e2-4995-8e8a-b9cae13fa733,activeness.engineering,available,10.48,85.98,medium,low,10,namecheap,,,17/09/2026 05:11
cefe4c6f-03a6-4f11-b1b9-0b34332465a7,wheezing.engineering,available,10.48,85.98,medium,low,8,namecheap,,,07/08/2026 09:25
6a53cb43-77d7-40e3-9ad1-6e32352c4392,mortars.engineering,available,11.99,86.99,medium,low,7,name.com,,,21/09/2026 02:28
676de2e4-ed72-4777-9e66-23bf9ad9e346,mediterranean.engineering,available,9.52,51.95,high,low,13,spaceship,,,29/09/2026 08:26
196a08e0-6c3b-475b-a931-30e9d798cb79,journalists.engineering,available,9.52,51.95,medium,low,11,spaceship,,,29/09/2026 10:52
11bb446d-da8a-4b44-bba4-add9ff0ac260,laa.engineering,available,16.99,64.99,high,low,3,namesilo,,,02/10/2026 08:16
5b0a2844-35a6-46d8-b514-dbd52b128794,trinidad.engineering,available,9.52,51.95,medium,low,8,spaceship,,,01/10/2026 22:00
10e8c4cd-f84b-418b-b428-ede436006b34,shields.engineering,available,50.2,50.2,medium,low,7,cloudflare,,,28/09/2026 08:03
3fef5786-195b-433d-9f64-762ac1b6e66b,courtney.engineering,available,10.48,85.98,high,low,8,namecheap,,,25/09/2026 21:37
90d07a99-a3c7-4f48-a11c-7195affcac85,firsthand.engineering,available,6.64,53.72,high,low,9,dynadot,,,01/10/2026 13:24
dc47d794-65bc-4a15-a0cf-73476f705217,jangling.engineering,available,10.48,85.98,medium,low,8,namecheap,,,22/08/2026 12:19
bd6874e5-e11c-43ba-8323-ea56da0e22fc,oper.engineering,available,6.69,52.01,medium,low,4,porkbun,,,28/09/2026 21:34
dd2d6d71-dcf4-440f-84c5-fcce3cf5cb0c,mystify.engineering,available,16.99,64.99,high,low,7,namesilo,,,21/09/2026 17:29
6d61795f-bf91-4ced-9d80-9effd517a7c4,buttercup.engineering,available,16.99,64.99,high,low,9,namesilo,,,24/09/2026 11:18
da009a82-ec88-4d9a-b7a5-e04af4d6ccb2,sudanese.engineering,available,10.48,85.98,high,low,8,namecheap,,,11/09/2026 01:05
5113663e-da93-451b-b505-45cfc021ac5c,deacon.engineering,available,16.99,64.99,high,low,6,namesilo,,,30/09/2026 09:20
3bb42271-a45b-4c6e-a6a8-10e8ef71cfa4,saute.engineering,available,10.48,85.98,high,low,5,namecheap,,,09/09/2026 22:00
011b896a-b77c-48c5-a9cc-759a6816a879,unshielded.engineering,available,10.48,85.98,medium,low,10,namecheap,,,12/09/2026 19:49
3f009eee-c48f-40a2-b574-b3250812358e,heilongjiang.engineering,available,16,,medium,low,12,unstoppable,,,03/10/2026 04:47
e4c7c711-99a9-4398-9329-67e6ff371aee,ovular.engineering,available,10.48,85.98,medium,low,6,namecheap,,,04/09/2026 22:12
5752123a-e66b-474f-932b-e148c87ac20e,firing.engineering,available,10.48,85.98,high,low,6,namecheap,,,27/09/2026 03:58
4e2bb914-31f7-4eb3-b039-6f03036ac679,glittery.engineering,available,10.48,85.98,high,low,8,namecheap,,,
91aaae9a-ef0f-4534-bc00-2458a953f2d9,confirmed.engineering,available,10.48,85.98,high,low,9,namecheap,,,23/09/2026 19:53
7d39ddfb-6bc1-4540-9a25-353a7f3525e9,journals.engineering,available,50.2,50.2,medium,low,8,cloudflare,,,29/09/2026 16:35
e2fb972a-250f-40c7-899d-3ba0045cba43,isothermic.engineering,available,10.48,85.98,medium,low,10,namecheap,,,22/08/2026 11:24
6472db69-3373-4dbb-93d9-812e75924443,load.engineering,available,10.48,85.98,high,low,4,namecheap,,,21/09/2026 20:07
3e1bd347-10b1-4336-99a7-489e47b0912d,vultures.engineering,available,16.99,64.99,medium,low,8,namesilo,,,01/10/2026 13:53
0384106b-19aa-4669-8a18-ea123e5ac92e,opaque.engineering,available,10.48,85.98,high,low,6,namecheap,,,04/09/2026 15:47
1a33c07f-2f96-4752-9daa-0ba6d2b9e345,dedicated.engineering,available,10.48,85.98,high,low,9,namecheap,,,23/09/2026 20:41
8cf4b6f6-55c2-4347-9323-38f01a335c69,rocked.engineering,available,6.64,53.72,medium,low,6,dynadot,,,30/09/2026 23:58
eca20f87-fa55-4ca6-b742-9a3754e63614,bellowing.engineering,available,16.99,64.99,medium,low,9,namesilo,,,23/09/2026 06:18
73d52da3-f2e1-4cfb-bb8f-8994790f2448,ejected.engineering,available,50.2,50.2,medium,low,7,cloudflare,,,02/10/2026 02:12
a24f8001-e3d6-442f-b43c-9a46553afa45,discrepancy.engineering,available,9.52,51.95,medium,low,11,spaceship,,,02/10/2026 11:57
3c440d28-a3aa-4ab5-b6f1-664d3d28aa1f,amnic.engineering,available,10.48,85.98,medium,low,5,namecheap,,,
f7286762-b5c9-424d-b8ff-04af7badbebe,ciao.engineering,available,16.99,64.99,high,low,4,namesilo,,,18/09/2026 13:10
f85e02ff-ee35-4aab-9e39-93af7d23a118,pectoralis.engineering,available,10.48,85.98,medium,low,10,namecheap,,,08/09/2026 12:06
ecca6125-4818-4760-aaa5-d411ca8b93d1,plo.engineering,available,16.99,64.99,medium,low,3,namesilo,,,28/09/2026 10:40
5678133a-c8c2-4a6c-bdb1-aed068b01982,wed.engineering,premium,78.54,78.54,high,low,3,namesilo,,,13/09/2026 09:28
514b6779-ec6d-40f9-a2df-f5cbea85a3fa,unvented.engineering,available,10.48,85.98,medium,low,8,namecheap,,,12/09/2026 22:11
d178eb91-68d8-4609-ac9d-65bbfd5a8367,antiblack.engineering,available,10.48,85.98,medium,low,9,namecheap,,,
f9d800b4-fec5-466d-a013-e212499775d5,fights.engineering,available,11.99,86.99,medium,low,6,name.com,,,20/09/2026 00:14
1d9b2416-065e-4687-bc67-bca42cdc592f,sustain.engineering,available,9.52,51.95,high,low,7,spaceship,,,29/09/2026 02:41
3d8fa836-181b-4afa-97f5-5c9c3367dcbd,motif.engineering,available,10.48,85.98,high,low,5,namecheap,,,02/10/2026 16:08
7cf79d12-1c62-41df-a37d-ae16446dc3da,oncology.engineering,available,9.52,51.95,high,low,8,spaceship,,,02/10/2026 16:15
ee0990f7-ee74-4d34-8a0b-0d6f3855717f,francesca.engineering,available,16.99,64.99,high,low,9,namesilo,,,02/10/2026 06:33
9435519f-392f-4b48-9e3c-f4b7cd0b00b1,pits.engineering,available,16,,low,low,4,unstoppable,,,28/09/2026 23:33
3f8cfb11-758e-49eb-b1e7-7dc9e33ab99c,tia.engineering,available,9.52,51.95,high,low,3,spaceship,,,29/09/2026 20:30
29c6b85e-a829-407b-a88b-2702353470f3,multimedia.engineering,available,6.64,53.72,high,low,10,dynadot,,,30/09/2026 02:20
27981aa2-8e69-4192-b542-b45495a17b86,allerton.engineering,available,50.2,50.2,medium,low,8,cloudflare,,,02/10/2026 09:23
e4561880-66e8-42f4-8510-fbc04dccbafc,objectivity.engineering,available,10.48,85.98,high,low,11,namecheap,,,01/10/2026 13:53
fce1ef9e-4230-4cff-b502-0c6e88efffa2,gladiator.engineering,available,16,,high,low,9,unstoppable,,,02/10/2026 05:04
5ac1e104-dfe8-4972-b9ce-2a523658a70f,ascii.engineering,available,16.99,64.99,high,low,5,namesilo,,,18/09/2026 20:43
411b6787-8b65-4e26-9a97-98df3b1b3524,decease.engineering,available,10.48,85.98,medium,low,7,namecheap,,,24/09/2026 19:36
b4b3fb7a-881e-4170-a280-64a140c9ceb2,robeson.engineering,available,16.99,64.99,medium,low,7,namesilo,,,29/09/2026 13:40
0f63a715-2175-4d92-a5f0-14c30eca6829,virginal.engineering,available,10.48,85.98,high,low,8,namecheap,,,13/09/2026 05:57
cfb93810-6a0a-4def-b2fd-b01c55e8616e,earlier.engineering,available,10.48,85.98,high,low,7,namecheap,,,24/09/2026 12:52
921b5ca2-c394-4295-92db-59781cd956f7,laptop.engineering,available,16.99,64.99,high,low,6,namesilo,,,30/09/2026 02:07
8ec7324d-0c73-4ae1-ab43-d0550cc1b167,branched.engineering,available,10.48,85.98,high,low,8,namecheap,,,09/08/2026 20:12
26f443a7-ba56-4f9d-bd65-1f97deda8300,betwixt.engineering,available,10.48,85.98,medium,low,7,namecheap,,,14/09/2026 00:01
1ebfcab9-0eef-4dd0-9aa6-797a2895d410,debatable.engineering,available,11.99,86.99,medium,low,9,name.com,,,13/08/2026 20:12
01f79a2d-dfc8-4b04-aa71-21b5e9b180c7,primal.engineering,available,10.48,85.98,high,low,6,namecheap,,,11/08/2026 18:56
a0d476fc-5666-4552-ab50-545e79e52983,kossuth.engineering,available,9.52,51.95,medium,low,7,spaceship,,,02/10/2026 07:58
d073ce25-296b-4b48-a846-0fc83e4a0a58,ellsworth.engineering,available,9.52,51.95,medium,low,9,spaceship,,,27/09/2026 13:20
77de626f-4247-4d9d-add2-150f23b6c09d,negligence.engineering,available,16.99,64.99,high,low,10,namesilo,,,29/09/2026 07:40
f583ef5f-8415-410f-a0b7-eb5efbb48376,crepuscule.engineering,available,10.48,85.98,medium,low,10,namecheap,,,11/09/2026 21:48
b4e7fb8b-24db-4694-9976-28d71c05ddb4,manageable.engineering,available,16.99,64.99,high,low,10,namesilo,,,01/10/2026 13:54
e566aa55-b894-4f41-bbcf-dc8d2a322b54,grips.engineering,available,9.52,51.95,medium,low,5,spaceship,,,02/10/2026 01:51
22901a2c-9de2-49e6-afc8-e29884ecda95,erratic.engineering,available,10.48,85.98,high,low,7,namecheap,,,17/08/2026 12:46
33dc0356-6094-4f10-b3ef-b114a54c2eba,aureate.engineering,available,16.99,64.99,medium,low,7,namesilo,,,22/09/2026 12:51
95804b8c-a23e-4aec-a74f-5fcc34d9122f,arcella.engineering,available,16.99,64.99,medium,low,7,namesilo,,,20/09/2026 01:41
12953dbe-8cc0-4ad9-ac57-64cc8ca67a3a,courtyards.engineering,available,9.52,51.95,medium,low,10,spaceship,,,30/09/2026 16:18
ee864f0c-2a97-4c24-8bb6-ac334b9ecd90,vanderbilt.engineering,available,16.99,64.99,high,low,10,namesilo,,,25/09/2026 04:24
e879afcd-48cb-4b5a-b538-b386cd3ac0e4,palgrave.engineering,available,9.52,51.95,medium,low,8,spaceship,,,01/10/2026 19:38
f22ead3d-47c2-44c7-94b7-1ac58d523892,conceive.engineering,available,9.52,51.95,high,low,8,spaceship,,,29/09/2026 14:04
b539f7ec-26e9-4ec8-b5ac-047741245d42,qaeda.engineering,available,16.99,64.99,medium,low,5,namesilo,,,18/09/2026 00:59
64978848-d514-4c7c-8f5a-a5ef789d72fc,journalism.engineering,available,6.64,53.72,high,low,10,dynadot,,,30/09/2026 00:56
b701e00a-9f32-463c-8162-be5c873642db,locals.engineering,available,16,,medium,low,6,unstoppable,,,28/09/2026 13:28
d905182c-38cf-4901-b487-d04b3a001ec2,moderato.engineering,available,10.48,85.98,medium,low,8,namecheap,,,25/08/2026 02:58
d0f2cb48-9dbc-43ad-9b51-f59b17c0f7dd,unrestricted.engineering,available,6.64,53.72,high,low,12,dynadot,,,02/10/2026 18:09
b9182d1a-8f5d-4d4d-8e2b-f0b81dba2d99,ocs.engineering,available,9.52,51.95,high,low,3,spaceship,,,30/09/2026 13:05
3c06d9fc-6e22-4f24-b395-d758cd15764a,betrothed.engineering,available,10.48,85.98,high,low,9,namecheap,,,09/08/2026 18:07
b7271416-13d7-4c9f-94fe-714fdaa1b8cc,reconsider.engineering,available,9.52,51.95,high,low,10,spaceship,,,28/09/2026 20:52
3bb2a6ed-fe67-4f97-806b-7d0bd0eda63b,mutilated.engineering,available,10.48,85.98,medium,low,9,namecheap,,,24/08/2026 13:22
afcf3199-bb49-4385-9e41-588c38eb8b43,johanna.engineering,available,16,,high,low,7,unstoppable,,,28/09/2026 03:57
b7c3300e-6685-4ae9-923e-943fe9b210e7,landwards.engineering,available,10.48,85.98,medium,low,9,namecheap,,,15/09/2026 10:41
2ac9a451-6e86-4684-b147-500da8f807a5,gypsies.engineering,available,9.52,51.95,medium,low,7,spaceship,,,01/10/2026 16:51
9c3c5029-0d78-4e06-96ff-2c3edd957b2c,tautly.engineering,available,16.99,64.99,medium,low,6,namesilo,,,16/09/2026 08:09
06b40b1b-c17d-477b-b9e7-976a281706e3,kong.engineering,resell,,,high,low,4,"GoDaddy.com, LLC",18/01/2024 21:32,18/01/2027 21:32,26/09/2026 07:06
3dc7f67c-39e1-4c0b-a8fc-4335359499a7,bitters.engineering,available,10.48,85.98,medium,low,7,namecheap,,,23/09/2026 23:09
a381a388-bce7-4b44-9fd1-6ad5d92020d8,tre.engineering,available,9.52,51.95,high,low,3,spaceship,,,29/09/2026 02:48
6102e3bd-fec3-456b-ac8b-666a8e276dd2,testimony.engineering,available,16.99,64.99,high,low,9,namesilo,,,28/09/2026 02:23
7bb3dd53-1ecd-4a67-855a-c2764562a841,exhibits.engineering,available,16.99,64.99,medium,low,8,namesilo,,,30/09/2026 00:23
f98c440f-bfc1-4f0a-bd68-9229ed67e34d,rosy.engineering,available,10.48,85.98,high,low,4,namecheap,,,18/08/2026 09:27
7d3b897b-e615-4de5-8f11-aaae42809cfc,incision.engineering,available,6.69,52.01,high,low,8,porkbun,,,30/09/2026 01:58
3041d2ee-032a-4060-a0b0-39c5d633c528,robotic.engineering,resell,,,high,low,7,"GoDaddy.com, LLC",29/01/2019 09:32,29/01/2028 09:32,02/10/2026 22:08
689c9e5e-a3af-4bd0-983b-85cad6c0a007,portable.engineering,available,16.99,64.99,high,low,8,namesilo,,,27/09/2026 04:40
d3c11853-c5cd-40cf-bb67-0303b6752639,children.engineering,available,11.99,,high,low,8,name.com,,,
b43dfb87-cbcf-4ae3-bd1d-e3ed92740c40,copland.engineering,available,16.99,64.99,high,low,7,namesilo,,,16/09/2026 13:32
0c11431b-2547-4cc3-8973-990f845cf056,homosexual.engineering,available,10.48,85.98,high,low,10,namecheap,,,18/08/2026 20:54
830d7d72-d93f-45fb-b587-6732b15028d5,mckenna.engineering,available,9.52,51.95,high,low,7,spaceship,,,27/09/2026 19:59
349a106b-4c88-4e82-b45a-b7007cd7ce14,applying.engineering,available,6.69,52.01,medium,low,8,porkbun,,,28/09/2026 17:22
9927fdc0-40bc-44f6-9cca-b2ed4eb5f57c,custard.engineering,available,10.48,85.98,high,low,7,namecheap,,,24/09/2026 20:38
a05612b9-3626-4c4e-8f21-575d6e83166d,clot.engineering,available,10.48,85.98,medium,low,4,namecheap,,,12/08/2026 13:36
20b35739-26dd-45ae-9257-71744b9e52bc,experimentally.engineering,available,11.99,,medium,low,14,name.com,,,
f88643db-a7a2-482e-aca0-5f06840544e8,jac.engineering,available,50.2,50.2,high,low,3,cloudflare,,,01/10/2026 11:27
0ade3fcc-e692-4e7d-895d-a95dc689bf6b,demurely.engineering,available,10.48,85.98,medium,low,8,namecheap,,,14/09/2026 11:31
33d6ee15-6b40-4f5d-91c6-362c04b1c85e,disturbed.engineering,available,10.48,85.98,medium,low,9,namecheap,,,11/08/2026 01:48
895da3c7-5811-4d27-a8eb-8085d8b43ceb,hines.engineering,available,16.99,64.99,high,low,5,namesilo,,,27/09/2026 07:58
95f1c6fd-2016-4e43-8f18-f4600c11e034,terbium.engineering,available,16.99,64.99,medium,low,7,namesilo,,,20/09/2026 23:28
7d2e2361-73a8-4860-ad20-d2108ecc09fe,windshield.engineering,available,50.2,50.2,high,low,10,cloudflare,,,29/09/2026 14:08
b49cc3a1-d5c9-4df1-80f9-c7307a31aed5,rubble.engineering,available,9.52,51.95,medium,low,6,spaceship,,,28/09/2026 18:54
c9e06f41-7a7d-4b0e-adaf-9eb7092c61fb,intestine.engineering,available,6.64,53.72,medium,low,9,dynadot,,,29/09/2026 18:03
a8de1ac7-23a9-4c4c-984b-917e9574e45d,atticus.engineering,available,16.99,64.99,high,low,7,namesilo,,,21/09/2026 01:46
d49b2013-21d0-4887-99e5-367ceb4efc14,tartness.engineering,available,10.48,85.98,medium,low,8,namecheap,,,17/09/2026 03:12
7fe42a17-0569-43fb-afd4-096a13243919,flaxen.engineering,available,10.48,85.98,medium,low,6,namecheap,,,18/08/2026 07:23
2ddab691-c122-4975-8e30-c950047a94c5,hitler.engineering,available,16.99,64.99,high,low,6,namesilo,,,17/09/2026 09:31
bf4f3522-32cf-4a9c-a49c-6f40fbdc2bb9,aerology.engineering,available,10.48,85.98,medium,low,8,namecheap,,,17/09/2026 13:08
df307152-b240-4087-ad44-e8c70908f288,fifty.engineering,available,10.48,85.98,high,low,5,namecheap,,,
c4ba9e66-9cfc-4060-b211-b32bd4826484,assiduity.engineering,available,16.99,64.99,medium,low,9,namesilo,,,20/09/2026 16:21
cd92d173-0c1b-4b1a-a265-114500683105,baring.engineering,available,16.99,64.99,medium,low,6,namesilo,,,22/09/2026 06:03
778e151a-01ba-4b4f-b7b5-e9017d25789d,madurai.engineering,available,16,,high,low,7,unstoppable,,,03/10/2026 04:38
b5069081-4479-4104-8594-d1dc15a4525c,pulitzer.engineering,available,50.2,50.2,high,low,8,cloudflare,,,29/09/2026 19:26
a02a7d8f-1f0b-42ac-97ce-5866d59763f0,tight.engineering,available,10.48,85.98,medium,low,5,namecheap,,,09/08/2026 17:09
d38ba3ed-2339-41c8-8b57-a86ebec6043a,tractor.engineering,available,9.52,51.95,high,low,7,spaceship,,,28/09/2026 11:01
8691634e-a956-46a4-8f7c-23f12cb48197,major.engineering,available,16.99,64.99,high,low,5,namesilo,,,25/09/2026 16:14
79f68826-ac76-4fae-8460-3e37511c192b,circulatory.engineering,available,50.2,50.2,high,low,11,cloudflare,,,03/10/2026 03:21
a9a0e087-a639-4ce6-90e4-9e464cd98cf1,cane.engineering,available,16.99,64.99,medium,low,4,namesilo,,,29/09/2026 06:33
01e039d1-ed0f-42c8-b8bd-90f005fa21e6,numbers.engineering,available,50.2,50.2,high,low,7,cloudflare,,,29/09/2026 03:35
2213d10d-5c32-47d1-80f5-3c16065c20a3,irons.engineering,available,50.2,50.2,medium,low,5,cloudflare,,,29/09/2026 07:52
910f74bf-4c07-497d-b4c2-8e2a80a76212,comedo.engineering,available,16.99,64.99,medium,low,6,namesilo,,,24/09/2026 02:47
dc495210-49be-4573-833c-cc8f9fbf60c3,trunk.engineering,available,16.99,64.99,high,low,5,namesilo,,,21/09/2026 07:24
193bb840-20b7-4b9d-b99f-c02a35325c9f,aris.engineering,available,9.52,51.95,high,low,4,spaceship,,,30/09/2026 03:35
4ec33127-698d-4e66-ab73-490cd317bb8f,specifics.engineering,available,9.52,51.95,medium,low,9,spaceship,,,29/09/2026 17:04
40071661-8002-4c5a-bd7f-e15daa4a6add,vegan.engineering,available,9.52,51.95,high,medium,5,spaceship,,,30/09/2026 14:24
848ff182-8936-48f0-b4d5-0522c2da8ade,encrypted.engineering,available,16.99,64.99,high,low,9,namesilo,,,02/10/2026 02:04
3b6d0dd0-e395-4086-b7f3-948b64073e61,shamanist.engineering,available,10.48,85.98,medium,low,9,namecheap,,,10/09/2026 05:49
fe457d50-a37d-4d76-aecc-37909f778c8e,provisions.engineering,available,10.48,85.98,high,low,10,namecheap,,,08/09/2026 08:15
f9cc763b-e4d8-4b9f-b52c-112d0522250b,arioso.engineering,available,16.99,64.99,medium,low,6,namesilo,,,20/09/2026 05:35
e3693b2c-7ef8-43e6-a9ba-dae94acfdb1d,colbert.engineering,available,16.99,64.99,medium,low,7,namesilo,,,27/09/2026 12:41
1e082ad5-f255-4aaa-b0a5-ce423f661c82,attract.engineering,available,50.2,50.2,high,low,7,cloudflare,,,30/09/2026 15:30
af20768b-ad8d-48c0-8f7f-b1acdcfe5c1e,gyp.engineering,available,10.48,85.98,medium,low,3,namecheap,,,14/09/2026 08:05
06ad5496-75b0-4a61-a4ce-1dbb4fd8ca55,heartsease.engineering,available,16.99,64.99,medium,low,10,namesilo,,,20/09/2026 19:40
c834d7e6-7fdb-4b42-b1f6-8041616183aa,bosses.engineering,available,16.99,64.99,medium,low,6,namesilo,,,18/09/2026 05:55
7f384da1-507e-4223-be90-6980694916c9,shears.engineering,available,9.52,51.95,high,low,6,spaceship,,,30/09/2026 11:05
2508354c-00e5-45c1-aa13-916fed8551e6,discs.engineering,available,9.52,51.95,medium,low,5,spaceship,,,30/09/2026 23:56
c4add477-4ab0-47e5-aa9f-4e4636f5e080,fort.engineering,available,9.52,51.95,high,low,4,spaceship,,,29/09/2026 19:57
d4aad9cb-7759-4e14-9c19-b55f488bab29,retreat.engineering,available,6.64,53.72,high,low,7,dynadot,,,29/09/2026 11:58
f1ea5b02-4296-4584-ac27-720fdc6b0e4b,texarkana.engineering,available,9.52,51.95,medium,low,9,spaceship,,,30/09/2026 18:56
debe1006-b55e-4808-90e3-497121aad5e9,multiply.engineering,available,10.48,85.98,high,low,8,namecheap,,,15/09/2026 15:37
3061ac9a-c771-464a-952c-8736e76f32da,carbonic.engineering,available,10.48,85.98,medium,low,8,namecheap,,,11/08/2026 18:37
732085ec-b39b-4fa6-acde-6849b1486613,counts.engineering,available,10.48,85.98,high,low,6,namecheap,,,18/09/2026 18:14
eba9e8da-4092-4890-835e-8f9ede669d30,whore.engineering,available,11.99,86.99,high,low,5,name.com,,,13/08/2026 14:16
7f219125-4bca-43d4-bab8-bec499b84b1c,knackered.engineering,available,10.48,85.98,medium,low,9,namecheap,,,22/08/2026 16:23
7de692b8-80c0-4058-9106-07e11146d2d7,dear.engineering,available,11.99,86.99,high,low,4,name.com,,,22/09/2026 19:24
0d8a7f23-10c9-4573-a9e3-eec3cfe50342,pulls.engineering,available,16.99,64.99,medium,low,5,namesilo,,,16/09/2026 23:15
62eb058d-499c-4017-b90d-cb94080e9e1b,governed.engineering,available,50.2,50.2,high,low,8,cloudflare,,,30/09/2026 09:56
36dd69e1-b5ae-401e-b68f-8bf7b2fc83d0,inshore.engineering,available,10.48,85.98,medium,low,7,namecheap,,,22/08/2026 06:53
ad99177f-29d6-4417-987d-a3572435f31f,unionized.engineering,available,10.48,85.98,medium,low,9,namecheap,,,03/09/2026 19:29
9534aa5f-59c6-4061-8b48-a2aab92fa93c,strictly.engineering,available,10.48,85.98,medium,low,8,namecheap,,,15/09/2026 22:03
ea5cad4f-22dc-45e6-93de-b73f3ffbb514,oversized.engineering,available,10.48,85.98,high,low,9,namecheap,,,04/09/2026 19:45
72069e61-ee8b-4605-a3e6-201562038df6,detonate.engineering,available,6.64,53.72,high,low,8,dynadot,,,02/10/2026 17:15
7f84efec-f666-4027-833d-9a49888592d6,conan.engineering,available,16.99,64.99,medium,low,5,namesilo,,,28/09/2026 07:59
942f6ba5-12fc-4c53-9b3e-c1f30a858d0d,dungeon.engineering,available,16.99,64.99,high,low,7,namesilo,,,24/09/2026 23:29
d9c9e75d-008a-4ba3-b76f-57e957e9dad5,soundbar.engineering,available,9.52,51.95,high,low,8,spaceship,,,02/10/2026 03:28
03c46d25-6819-4ba8-b0e0-c503211d7206,cheltenham.engineering,available,6.64,53.72,medium,low,10,dynadot,,,28/09/2026 12:18
7bfce32c-578d-4cef-932f-5691fd08f77e,adr.engineering,available,9.52,51.95,high,low,3,spaceship,,,30/09/2026 03:40
60aff1b1-8f18-45a9-b160-de929a90fc8b,myth.engineering,available,16,,high,low,4,unstoppable,,,28/09/2026 02:27
1fab65c1-ef1c-4dd4-98b5-0dee0a002968,stimuli.engineering,available,50.2,50.2,medium,low,7,cloudflare,,,30/09/2026 23:20
169ef430-3c4f-48d1-8ab9-0e69fe3cb6dc,snail.engineering,available,9.52,51.95,high,low,5,spaceship,,,29/09/2026 06:48
206d9d8d-be83-4a96-87db-8bf98808d258,moonlight.engineering,available,9.52,51.95,high,low,9,spaceship,,,30/09/2026 05:14
13584e2a-0e24-4e48-b23d-dfbeace0c3b9,pes.engineering,available,23.99,115.99,high,low,3,godaddy,,,30/09/2026 01:41
f4d56384-992f-4bf8-94c5-d939342f0507,pruitt.engineering,available,16.99,64.99,medium,low,6,namesilo,,,02/10/2026 00:43
5b50775f-90cc-4210-a7bb-181638b1b936,impervious.engineering,available,10.48,85.98,high,low,10,namecheap,,,21/08/2026 22:19
32c67a3d-6801-476b-9c80-8ba44d1cabf5,umbilical.engineering,available,10.48,85.98,high,low,9,namecheap,,,11/09/2026 23:00
81892841-9303-4b2a-bebe-d417e2b72c51,final.engineering,available,16,85.98,high,low,5,unstoppable,,,30/09/2026 19:09
abd2e607-840d-4a16-9580-7d217f1da63b,pwr.engineering,available,16.99,64.99,high,low,3,namesilo,,,03/10/2026 01:49
c30762d7-c940-4059-a998-747c43f01f71,catenate.engineering,available,10.48,85.98,high,low,8,namecheap,,,11/08/2026 21:39
836ef97f-067d-4aee-a521-463acae7da6f,folks.engineering,available,16.99,64.99,high,low,5,namesilo,,,24/09/2026 16:34
3718cc99-6541-4a88-ba65-a6d26fbb4b9a,acted.engineering,available,10.48,85.98,medium,low,5,namecheap,,,27/09/2026 02:34
12716e4a-d26c-4fe9-9f1f-a035b98ae68d,baykal.engineering,available,10.48,85.98,medium,low,6,namecheap,,,21/09/2026 18:56
c74dc3f8-534a-4af5-be9f-b17d322c4765,intangible.engineering,available,10.48,85.98,high,low,10,namecheap,,,21/08/2026 21:42
777d6a10-ccb4-4d07-bdb2-9444ee122d1c,doodlebug.engineering,available,16.99,64.99,medium,low,9,namesilo,,,19/09/2026 12:18
51b0fcf8-fddc-4c23-97e4-d35c3afd5046,phycology.engineering,available,16.99,64.99,medium,low,9,namesilo,,,18/09/2026 07:09
df70d95b-b9f5-48e0-b7ff-c8d65e0c49f5,mounts.engineering,available,10.48,85.98,medium,low,6,namecheap,,,01/10/2026 00:51
07191fe2-2aeb-467a-ba6a-3fd305ebbc30,disagreeable.engineering,available,16.99,64.99,medium,low,12,namesilo,,,03/10/2026 02:55
64e33407-5fa8-4598-9c2a-8cee2fc341af,remote.engineering,available,16,64.99,high,medium,6,unstoppable,,,03/10/2026 03:20
ed8a6a0d-91a2-4a7c-8593-ab18f444ac76,gallican.engineering,available,10.48,85.98,medium,low,8,namecheap,,,18/08/2026 19:40
6ea58ea2-84d4-4146-b5d5-37d02d6732c5,craig.engineering,available,9.52,51.95,high,low,5,spaceship,,,27/09/2026 17:59
0bdad0b2-e716-47bf-a94a-c4bebb56922f,waggish.engineering,available,10.48,85.98,medium,low,7,namecheap,,,13/09/2026 07:38
350f6b6d-db3c-42b9-b676-d1b0206cc1d9,taal.engineering,available,10.48,85.98,medium,low,4,namecheap,,,
764b9250-5bc1-45bf-8ce3-94c60e6dfe61,diligently.engineering,available,10.48,85.98,medium,low,10,namecheap,,,14/09/2026 12:40
7b889675-7783-46c4-9fcf-9a92d1c44140,rested.engineering,available,50.2,50.2,high,low,6,cloudflare,,,27/09/2026 12:50
e0b63bef-3971-4cf2-8d20-44c340864083,numb.engineering,available,10.48,85.98,medium,low,4,namecheap,,,22/09/2026 19:39
4a63b156-4094-4f0b-843a-0640e2434071,altai.engineering,available,16.99,64.99,high,low,5,namesilo,,,30/09/2026 05:15
82bd48ad-bb70-48c8-b671-e971ff6ecd8d,heterodyne.engineering,available,10.48,85.98,high,low,10,namecheap,,,21/08/2026 07:29
4924bd05-639c-41e4-b3f6-ab1ad0fd21cb,brookes.engineering,available,9.52,51.95,medium,low,7,spaceship,,,30/09/2026 22:15
5f7a7484-d3e8-40f1-9789-65570f9a93c9,rustling.engineering,available,10.48,85.98,high,low,8,namecheap,,,03/09/2026 11:20
7954abf9-abbe-4f28-bd09-a16b81e60f16,unbending.engineering,available,10.48,85.98,medium,low,9,namecheap,,,12/09/2026 01:48
1dfc22a4-86e6-482e-8053-9a7b1f54ab53,coated.engineering,available,10.48,85.98,medium,low,6,namecheap,,,12/08/2026 14:14
f305e66e-8b58-4001-aaf5-12e2d6fd2f77,exigent.engineering,available,10.48,85.98,medium,low,7,namecheap,,,13/08/2026 09:31
8eb4e4db-1773-4e1c-b854-6a240021c69f,backstairs.engineering,available,10.48,85.98,medium,low,10,namecheap,,,08/08/2026 06:26
a8c46dee-6056-45c1-b4bf-bc599c333bb0,roaring.engineering,available,10.48,85.98,high,low,7,namecheap,,,10/08/2026 19:21
b04e289b-7120-447c-93f6-0872539c87a1,erected.engineering,available,6.64,53.72,high,low,7,dynadot,,,01/10/2026 22:38
a6a035fc-8f46-4bf9-abb5-f3206cb58f31,circulating.engineering,available,10.48,85.98,medium,low,11,namecheap,,,30/09/2026 06:04
bb00111b-c3ba-4e43-a2a7-01b704af096d,southern.engineering,available,9.52,51.95,high,low,8,spaceship,,,27/09/2026 23:59
e802c5f4-614f-49a4-bd20-648dae408b69,madagascan.engineering,available,10.48,85.98,medium,low,10,namecheap,,,24/08/2026 12:55
265b5189-363d-417f-bc84-545aa0df4701,vom.engineering,available,16.99,64.99,medium,low,3,namesilo,,,30/09/2026 03:43
9e036787-33a9-4a43-8006-b80168e16a2b,deborah.engineering,available,16,,medium,low,7,unstoppable,,,28/09/2026 12:59
1f52532b-e74e-4a87-976f-5c7a5d241704,colors.engineering,available,10.48,85.98,high,low,6,namecheap,,,29/09/2026 10:19
5cf2e0a8-82ff-4719-8304-66546703258f,wilberforce.engineering,available,16.99,64.99,medium,low,11,namesilo,,,30/09/2026 05:04
dcc11ebb-2542-4b4b-85f6-2b8512ed4c8a,dalit.engineering,available,16.99,64.99,high,low,5,namesilo,,,03/10/2026 03:49
ef8c800c-19c7-4dc0-a7b0-882c27054976,regularly.engineering,available,10.48,85.98,medium,low,9,namecheap,,,15/09/2026 17:25
87269f51-bf43-4f50-9329-45c068f43ded,bolster.engineering,available,6.69,52.01,medium,low,7,porkbun,,,29/09/2026 03:17
d5edb154-2122-40bb-98a6-346c5464546d,modified.engineering,available,10.48,85.98,high,low,8,namecheap,,,25/08/2026 03:15
eb2abd47-5195-4513-b70d-0fd0ac68d9ea,adamance.engineering,available,16.99,64.99,medium,low,8,namesilo,,,17/09/2026 06:15
e72c8644-a657-42d2-8315-f79df4dd476e,maturity.engineering,available,16.99,64.99,high,low,8,namesilo,,,17/09/2026 10:27
215477fa-e21e-4f0b-8f0a-b2e54a39069f,airbrake.engineering,available,16.99,64.99,medium,low,8,namesilo,,,17/09/2026 22:58
aba3afd2-0b43-4db6-a31d-4ce8f053683f,jovially.engineering,available,10.48,85.98,medium,low,8,namecheap,,,15/09/2026 09:51
8421885b-0f3f-4443-9507-dcba8bfe72e2,downmarket.engineering,available,10.48,85.98,medium,low,10,namecheap,,,14/08/2026 17:48
96f1f5c8-d26e-45b4-9541-3aee313aee8c,balustrade.engineering,available,16.99,64.99,high,low,10,namesilo,,,22/09/2026 00:29
ee9ac0b4-5bd0-4b18-ad8b-0bfcba6bbd10,unknowable.engineering,available,10.48,85.98,medium,low,10,namecheap,,,12/09/2026 14:17
871e9f38-a528-4c5f-a0f3-3577bcfcd328,astray.engineering,available,10.48,85.98,medium,low,6,namecheap,,,13/09/2026 22:14
949ccef9-cc2d-4a26-8d46-b481481cda77,resounding.engineering,available,16.99,64.99,high,low,10,namesilo,,,27/09/2026 12:35
842d8df3-b289-46ba-a65c-4054f96deac2,improbable.engineering,available,10.48,85.98,medium,low,10,namecheap,,,21/08/2026 23:07
b03dccd4-f767-4829-b0a9-fe59df77d832,fired.engineering,available,16.99,64.99,medium,low,5,namesilo,,,24/09/2026 11:05
e972e27a-b833-4851-90d1-4c04989dbee5,soonest.engineering,available,10.48,85.98,medium,low,7,namecheap,,,14/08/2026 22:25
f6175f89-8f77-4c1b-9146-ed81b6da1f9a,ctr.engineering,available,50.2,50.2,high,low,3,cloudflare,,,01/10/2026 22:35
7f344fde-ec60-49b3-b0a4-bbde0e43aabd,univalent.engineering,available,10.48,85.98,medium,low,9,namecheap,,,12/09/2026 14:00
31472a14-0ce2-41de-a9cc-414324e5658c,conventionally.engineering,available,11.99,,medium,low,14,name.com,,,
1897737c-194c-46df-9d61-6cff50f3871a,stinker.engineering,available,10.48,85.98,medium,low,7,namecheap,,,11/08/2026 09:15
16eec683-0311-492a-82c1-bd72ac09a14f,bribed.engineering,available,9.52,51.95,low,low,6,spaceship,,,02/10/2026 13:46
4b7602ad-eda7-45fc-92f2-54fc4e517b48,silvia.engineering,available,16.99,64.99,medium,low,6,namesilo,,,29/09/2026 12:28
d84d6e02-e87b-4a11-adcd-f9d0bb1ce0d7,sandals.engineering,available,16.99,64.99,medium,low,7,namesilo,,,20/09/2026 14:52
76b412df-725c-48cf-b0ee-ebcafc00c782,arability.engineering,available,16.99,64.99,medium,low,9,namesilo,,,19/09/2026 23:32
3f87bb70-48d9-4635-8369-e089cb44349d,paulsen.engineering,available,50.2,50.2,medium,low,7,cloudflare,,,02/10/2026 03:19
f7f7a750-adac-42e1-ac48-5ceedd988e66,stub.engineering,available,16.99,64.99,high,low,4,namesilo,,,24/09/2026 13:57
f7ed7224-e9ed-4657-90ce-f964b0f0d447,ponderous.engineering,available,10.48,85.98,medium,low,9,namecheap,,,24/08/2026 11:10
bca08ae8-d28b-40a3-8a65-a7287044936e,backrest.engineering,available,16.99,64.99,medium,low,8,namesilo,,,21/09/2026 15:47
58b06ad3-c9fa-495d-a47b-3bc605c989c2,sighs.engineering,available,9.52,51.95,medium,low,5,spaceship,,,30/09/2026 00:18
23748fc6-0b83-46c6-a484-788a0f0cf8d9,becky.engineering,available,6.64,53.72,high,low,5,dynadot,,,28/09/2026 00:14
74b95a4d-d179-497a-b860-10241e0f083c,wow.engineering,premium,108.9,108.9,high,medium,3,dynadot,,,29/09/2026 23:07
99fefe2d-afe9-45ea-b197-ec6bcb6d6fda,compilation.engineering,available,11.99,,high,low,11,name.com,,,
ae3e807f-16c8-4e85-a329-df34b25a01fa,aphoristic.engineering,available,10.48,85.98,medium,low,10,namecheap,,,05/08/2026 23:31
7a1abf7b-07f2-4935-a7e0-70c4856d92b7,busty.engineering,available,10.48,85.98,medium,low,5,namecheap,,,10/08/2026 20:26
675ec53c-e812-4b31-abe9-05c5a96291d9,allegiant.engineering,available,10.48,85.98,high,low,9,namecheap,,,
420cd063-64f8-4bb3-9a5c-74a6d5f0c560,honours.engineering,available,16,,high,low,7,unstoppable,,,30/09/2026 01:53
0effd899-c0ad-45d7-80a4-b48d485df3b4,anomy.engineering,available,16.99,64.99,medium,low,5,namesilo,,,19/09/2026 11:32
ef0acddf-81be-4e53-8882-5c1cc82c1c6b,imprudent.engineering,available,10.48,85.98,medium,low,9,namecheap,,,21/08/2026 23:23
b9056014-d4c1-4b43-a08e-dfdbccdee28f,rostrum.engineering,available,16.99,64.99,medium,low,7,namesilo,,,18/09/2026 17:15
0a543e8d-c78b-4661-b4dd-ff993229a5ab,affecting.engineering,available,10.48,85.98,high,low,9,namecheap,,,
6094ac08-6bfd-4181-8b59-ae244c3230fa,accomplished.engineering,available,6.69,52.01,high,low,12,porkbun,,,30/09/2026 21:49
f641d55d-c5e8-408e-9046-d6304d5c36fe,convex.engineering,available,10.48,85.98,high,low,6,namecheap,,,11/08/2026 08:24
e33da1fa-48fd-4bb5-a8d3-2c247ece8f81,baptists.engineering,available,16.99,64.99,high,low,8,namesilo,,,22/09/2026 03:33
9fcb1891-0a6b-4c24-a36b-c1c092199f2e,prof.engineering,premium,99.5,,high,low,4,unstoppable,,,28/09/2026 20:15
a7f60ae8-7f72-4dc4-81c5-60dff042bb9f,cca.engineering,available,6.64,53.72,high,low,3,dynadot,,,29/09/2026 03:53
9539eb7a-4b71-47a9-a1ee-0886cde98fe5,contested.engineering,available,10.48,85.98,medium,low,9,namecheap,,,23/09/2026 22:01
ab1e968c-d727-4ac5-9c97-d1236238a9b8,sour.engineering,available,10.48,85.98,high,low,4,namecheap,,,20/08/2026 15:04
9ddb4bd4-11c8-42e6-91d9-a4b838f3bccc,sagacious.engineering,available,10.48,85.98,high,low,9,namecheap,,,08/09/2026 18:02
04511b2a-7193-462a-b9b2-dd529855d15b,alee.engineering,available,10.48,85.98,low,low,4,namecheap,,,13/09/2026 18:38
4f6a4124-add0-4592-8d26-fb32f48d97d8,mistflower.engineering,available,16.99,64.99,medium,low,10,namesilo,,,17/09/2026 17:17
11a2e667-d8d6-462e-8e13-2781cf9b18b7,gorgeous.engineering,available,16.99,64.99,high,low,8,namesilo,,,24/09/2026 22:48
a65e7da4-40e2-4c6a-9e12-eb3c450daa77,steely.engineering,available,10.48,85.98,medium,low,6,namecheap,,,10/09/2026 19:47
ae1d6b49-c439-4d8f-8652-0a92c7073d6d,ante.engineering,available,10.48,85.98,medium,low,4,namecheap,,,19/09/2026 12:39
e26e76fc-8712-4daf-8ef3-d8cb45c22179,niffy.engineering,available,10.48,85.98,low,low,5,namecheap,,,03/09/2026 17:10
802eda80-d580-476f-9c51-881874827ef8,margate.engineering,available,9.52,51.95,high,low,7,spaceship,,,02/10/2026 15:38
0ad95bf2-aa93-42b2-8332-efbe79e8dd30,nude.engineering,available,10.48,85.98,high,low,4,namecheap,,,07/08/2026 16:15
3bee8012-bffb-4d08-97da-3023bfea6650,francisca.engineering,available,16,,high,low,9,unstoppable,,,02/10/2026 06:32
f123d470-0813-42ea-9be5-cb7c790eaca5,conical.engineering,available,10.48,85.98,high,low,7,namecheap,,,12/08/2026 20:41
99c9d3fb-4be4-4262-bf45-5625193947e4,ventilator.engineering,available,9.52,51.95,high,low,10,spaceship,,,02/10/2026 23:41
77e06222-7269-48a0-abbe-6a927a7045db,bicolor.engineering,available,10.48,85.98,high,low,7,namecheap,,,09/08/2026 19:11
1efc1b21-5efa-4783-9207-24cdad6e7d60,amerind.engineering,available,10.48,85.98,medium,low,7,namecheap,,,
31999d54-0086-40b9-8b67-7a4d5a81fb93,blackening.engineering,available,11.99,86.99,medium,low,10,name.com,,,13/08/2026 18:12
5db2066a-ba7e-47ce-8597-111dde748e06,moustache.engineering,available,50.2,50.2,high,low,9,cloudflare,,,30/09/2026 18:05
91539d3c-8a51-441f-b188-40f75c3b515b,freakish.engineering,available,10.48,85.98,high,low,8,namecheap,,,10/08/2026 09:56
b370d87c-30ff-47e7-bd82-77da046dffc0,hunters.engineering,available,16.99,64.99,medium,low,7,namesilo,,,28/09/2026 08:39
2dc42abc-e7f1-4c78-a0dc-83bff882270f,apse.engineering,available,16.99,64.99,high,low,4,namesilo,,,19/09/2026 22:33
2a9a20b7-205b-4bfe-b520-89f38bf4559f,encourage.engineering,available,16,,high,low,9,unstoppable,,,30/09/2026 19:02
d3d38078-32e3-47a5-a380-3a6930b4ad51,transeunt.engineering,available,10.48,85.98,medium,low,9,namecheap,,,11/09/2026 18:53
fad1b243-63c2-4eb0-9b30-ef9f84e90b6b,checklist.engineering,available,16.99,64.99,high,low,9,namesilo,,,29/09/2026 08:35
b42bd2a8-3961-4aac-b7f3-ae218123c7b8,inevitable.engineering,available,16.99,64.99,high,low,10,namesilo,,,25/09/2026 09:24
6290a26e-69b8-4faf-b1da-1b3aafa859d2,bellman.engineering,available,16.99,64.99,medium,low,7,namesilo,,,23/09/2026 06:01
5e0dd4f3-f884-484c-ad4a-f5022573ed0a,catered.engineering,available,16.99,64.99,medium,low,7,namesilo,,,20/09/2026 17:04
626da3d4-e621-403f-806e-9c6a5d0a3636,concretely.engineering,available,10.48,85.98,medium,low,10,namecheap,,,14/09/2026 08:12
09e6d71e-27c0-4aae-bf82-738623255251,ronde.engineering,available,16.99,64.99,medium,low,5,namesilo,,,02/10/2026 22:42
6bbe9a49-6272-4106-8d0d-d1733f9d56ce,credited.engineering,available,16,,high,low,8,unstoppable,,,01/10/2026 06:00
9c0cd8c7-7657-499b-a4a7-5a88b6765f49,polyphonic.engineering,available,10.48,85.98,medium,low,10,namecheap,,,08/09/2026 23:27
94ea3eee-7b91-4947-a158-309a59870f43,braggart.engineering,available,10.48,85.98,medium,low,8,namecheap,,,11/08/2026 01:16
2eb1e1d6-64e9-4cb6-a6fd-340c5e03533d,callous.engineering,available,10.48,85.98,medium,low,7,namecheap,,,11/08/2026 14:30
eac50202-1732-4509-951d-325f6e22cda9,arius.engineering,available,16.99,64.99,medium,low,5,namesilo,,,20/09/2026 06:03
fcc9b54f-4fe8-4cc5-b7ac-547b866d8663,indicator.engineering,available,16,,high,low,9,unstoppable,,,29/09/2026 19:19
e0756e95-77be-43de-b451-ec4fbde44f89,impeachment.engineering,available,9.52,51.95,medium,low,11,spaceship,,,01/10/2026 13:29
0b037dcf-c58e-4b93-ace2-8edb552db14c,angevine.engineering,available,16.99,64.99,medium,low,8,namesilo,,,19/09/2026 06:07
5238445a-12bc-4c4c-bb0a-96b75cb70442,primacy.engineering,available,9.52,51.95,high,low,7,spaceship,,,01/10/2026 03:21
d0bddc04-9cb5-4dc1-bc88-00db85de67f3,lamellae.engineering,available,9.52,51.95,low,low,8,spaceship,,,02/10/2026 12:00
058c7473-fde0-4986-96a6-ab23550b4c7a,marquis.engineering,available,9.52,51.95,high,low,7,spaceship,,,30/09/2026 17:02
a3f10e65-0c59-4506-922f-a08bfdd1224a,reno.engineering,available,9.52,51.95,high,low,4,spaceship,,,28/09/2026 06:40
7721a35b-78ff-4c29-b319-41ca27775102,connector.engineering,available,16.99,64.99,high,low,9,namesilo,,,24/09/2026 17:23
d194365b-7e10-4f3b-add6-83956f39f215,chaff.engineering,available,10.48,85.98,medium,low,5,namecheap,,,22/08/2026 13:50
60f0fd33-d9e6-4cac-aa18-0ba11c6b9793,goh.engineering,available,9.52,51.95,medium,low,3,spaceship,,,02/10/2026 18:56
97e35d0c-50e7-4539-b1d3-32c347abb06d,indicators.engineering,available,16,,medium,low,10,unstoppable,,,02/10/2026 13:58
27a93929-1c8f-45b2-8b7e-801d7bb536d0,siblings.engineering,available,50.2,50.2,medium,low,8,cloudflare,,,29/09/2026 10:27
4aa5a2ba-e783-4a13-ab2a-db8575739eea,scurrilous.engineering,available,10.48,85.98,medium,low,10,namecheap,,,
6d580565-2e80-4b20-aa67-c454093a0dc3,threaten.engineering,available,16.99,64.99,high,low,8,namesilo,,,27/09/2026 04:46
effe5e35-5716-4712-a8c3-7b0c30cd9d89,traceable.engineering,available,10.48,85.98,high,low,9,namecheap,,,11/09/2026 18:33
9ed97ed0-82ec-4242-b45e-9076b1345738,fiery.engineering,available,10.48,85.98,high,low,5,namecheap,,,06/08/2026 16:24
dbd25d3d-ee11-48c3-8222-cfffad0655c2,herzegovina.engineering,available,9.52,51.95,medium,low,11,spaceship,,,27/09/2026 18:47
02594f71-8d72-49e1-9004-61b54ecb06b8,fitzhugh.engineering,available,16.99,64.99,medium,low,8,namesilo,,,01/10/2026 10:31
c2a6bd94-4e78-47bd-b841-ba21e9e4f853,menopause.engineering,available,6.64,53.72,high,low,9,dynadot,,,30/09/2026 16:40
8a1b98df-19f8-4f0f-bcda-eae519fe84ee,tris.engineering,available,16.99,64.99,high,low,4,namesilo,,,30/09/2026 12:39
1fb4b9aa-1b0d-4472-a7ec-228522776a32,subvert.engineering,available,10.48,85.98,medium,low,7,namecheap,,,13/08/2026 02:15
c4509b33-87b0-4559-8dad-c915c09f875a,scienter.engineering,available,10.48,85.98,medium,low,8,namecheap,,,16/09/2026 00:44
be6ae7d6-23be-4a00-aff7-2d2cff279718,castellano.engineering,available,16.99,64.99,medium,low,10,namesilo,,,01/10/2026 02:19
bbfebf54-7d38-449e-8a29-49f4cee86118,menstrual.engineering,available,10.48,85.98,high,low,9,namecheap,,,11/08/2026 20:59
152c80c8-7881-4f45-82b8-014b1543e98f,amah.engineering,available,16.99,64.99,medium,low,4,namesilo,,,18/09/2026 15:37
d4facfb8-493b-4659-bc7e-6f7f78b5f778,lao.engineering,available,10.48,85.98,high,low,3,namecheap,,,22/08/2026 19:34
e8371f00-5f5c-4d1c-84cd-f2036d5276f2,jogging.engineering,available,23.99,115.99,high,low,7,godaddy,,,30/09/2026 02:05
f9694b89-de0b-45b7-bc97-e16124847fc4,preferred.engineering,available,10.48,85.98,high,low,9,namecheap,,,09/08/2026 17:53
8f423e56-dbe0-419e-8121-7e7cfdf3029f,belching.engineering,available,16.99,64.99,medium,low,8,namesilo,,,23/09/2026 04:36
5448459c-58e0-4f00-b448-1e88e9c73179,meeks.engineering,available,50.2,50.2,medium,low,5,cloudflare,,,02/10/2026 20:24
a131ad5d-fe75-462e-9a48-cd3a39f23cb9,agnatha.engineering,available,10.48,85.98,medium,low,7,namecheap,,,17/09/2026 18:31
a1985ba7-50b4-44cb-850b-7a786219203d,soapbox.engineering,available,16.99,64.99,high,low,7,namesilo,,,18/09/2026 17:20
b9bee7ac-aeaf-444d-b6a4-2b90b2a01111,florid.engineering,available,10.48,85.98,medium,low,6,namecheap,,,07/08/2026 17:26
8253bbbb-3225-430f-a903-61458f81c84c,refinement.engineering,available,16.99,64.99,high,low,10,namesilo,,,02/10/2026 05:58
a6e6eb80-3e97-431a-b124-946ed27a0f14,aussie.engineering,available,16.99,64.99,high,low,6,namesilo,,,22/09/2026 13:32
dd728aba-70bd-479c-a367-eacc7a2f2339,customise.engineering,available,50.2,50.2,high,low,9,cloudflare,,,30/09/2026 18:12
2b15437b-3e75-4dfa-95d1-03be1e75ab5e,freudian.engineering,available,10.48,85.98,medium,low,8,namecheap,,,18/08/2026 15:26
355afb87-c735-479a-acdd-93694a93afdf,harmonize.engineering,available,16.99,64.99,high,low,9,namesilo,,,16/09/2026 22:54
26cd47ae-8e7e-43a7-ae65-fcf41ebaa334,aspiration.engineering,available,16.99,64.99,high,low,10,namesilo,,,18/09/2026 16:53
a437304c-674a-4275-9431-584dee43556e,coastline.engineering,available,9.52,51.95,high,low,9,spaceship,,,30/09/2026 09:12
7b21bdce-0c39-47c0-aef2-0771c29b4542,evicted.engineering,available,9.52,51.95,medium,low,7,spaceship,,,01/10/2026 17:40
f88383a1-57d6-4fe0-a382-6173374e80d1,mistletoe.engineering,available,9.52,51.95,medium,low,9,spaceship,,,02/10/2026 11:12
b239349a-befd-4d32-b399-f26a52cd7aca,leith.engineering,available,16,,medium,low,5,unstoppable,,,28/09/2026 16:45
1609a97c-e625-4321-ab5c-d3158f9fd8ed,feels.engineering,available,16.99,64.99,high,low,5,namesilo,,,01/10/2026 09:54
7cd5d735-a25e-4997-bd4c-550cbb9c6c5c,conveyors.engineering,available,9.52,51.95,medium,low,9,spaceship,,,02/10/2026 03:29
16ea17cc-8f92-434a-9881-3965d46117c4,exploring.engineering,available,9.52,51.95,high,low,9,spaceship,,,28/09/2026 15:59
dc898d79-46ec-4023-82c4-ad9de86131a6,sonata.engineering,available,50.2,50.2,high,low,6,cloudflare,,,03/10/2026 02:09
5c4e95be-c81f-4d9c-9763-3304ec176920,baruch.engineering,available,16.99,64.99,medium,low,6,namesilo,,,22/09/2026 09:33
46c36ac9-27a1-422a-bb85-22daaddf2b9d,ribbed.engineering,available,10.48,85.98,high,low,6,namecheap,,,13/08/2026 03:08
289e4689-c63a-48e8-8af3-ad3fcdde00ff,punky.engineering,available,16.99,64.99,medium,low,5,namesilo,,,23/09/2026 22:32
0adce312-6c7d-4d47-95f5-fd7e6d944ee3,concludes.engineering,available,9.52,51.95,medium,low,9,spaceship,,,29/09/2026 05:51
a2178dd7-0a87-4516-aaab-ea1ce1c5f608,projections.engineering,available,16.99,64.99,medium,low,11,namesilo,,,30/09/2026 06:43
a74a4c1b-bb8f-47ad-bffb-27a06af67bbb,smells.engineering,available,16.99,64.99,low,low,6,namesilo,,,28/09/2026 08:33
e650d75f-9006-4b35-acc9-0ab8182bd917,medically.engineering,available,10.48,85.98,medium,low,9,namecheap,,,15/09/2026 13:56
5a058335-8575-4684-b31b-4973998c513a,dionysian.engineering,available,10.48,85.98,medium,low,9,namecheap,,,14/08/2026 08:24
3bbf9407-f3d8-4ad7-8e82-410c9e22d430,sandro.engineering,available,10.48,85.98,high,low,6,namecheap,,,02/10/2026 11:44
85f89044-6a56-412c-9f91-fa684c8fdda1,hutu.engineering,available,6.64,53.72,high,low,4,dynadot,,,02/10/2026 15:46
b9f3e276-adb5-4207-a891-74f6ea7fa838,unsung.engineering,available,10.48,85.98,medium,low,6,namecheap,,,12/09/2026 20:49
972463cf-dfec-47ff-883c-67a8761b0b99,bookmark.engineering,available,16.99,64.99,high,low,8,namesilo,,,24/09/2026 07:12
c86a0184-7147-4d43-8e45-b18be20c0fd6,kennel.engineering,available,6.69,52.01,high,low,6,porkbun,,,01/10/2026 19:15
fc65e9f7-b0b8-47c1-95fa-a01d211989bd,inman.engineering,available,50.2,50.2,medium,low,5,cloudflare,,,29/09/2026 15:42
59b65875-2063-439a-97ce-a072333a5861,cadbury.engineering,available,9.52,51.95,high,low,7,spaceship,,,02/10/2026 10:48
c49f787c-254c-4e87-8f0e-114f2c3ac518,airwoman.engineering,available,16.99,64.99,medium,low,8,namesilo,,,17/09/2026 23:25
b07bc570-7209-4274-8488-a40cdb9c7295,assembler.engineering,available,16.99,64.99,high,low,9,namesilo,,,20/09/2026 16:01
aa67ce8f-8772-4697-b3ac-767e0555fb08,cousins.engineering,available,10.48,85.98,high,low,7,namecheap,,,19/09/2026 21:00
0f90cf96-db03-437a-9288-d68b05c01968,kennan.engineering,available,16.99,64.99,medium,low,6,namesilo,,,03/10/2026 00:57
ddb81174-2bd5-42de-a9d0-e017b69a702d,pizzeria.engineering,available,16.99,64.99,high,low,8,namesilo,,,30/09/2026 06:58
ca5b9fc7-4138-4af0-9856-67e7d532d96d,arachnid.engineering,available,16.99,64.99,medium,low,8,namesilo,,,19/09/2026 23:40
4b2d6940-800d-44c3-bac0-1625a57bc017,apatura.engineering,available,16.99,64.99,medium,low,7,namesilo,,,19/09/2026 16:22
78be0ff7-1604-4809-81ea-3c577e6a3603,pleasures.engineering,available,16.99,64.99,medium,low,9,namesilo,,,29/09/2026 16:55
e18c2c5d-28a4-4f85-9dbb-e10735b7a80c,paradoxes.engineering,available,11.99,86.99,medium,low,9,name.com,,,21/09/2026 00:45
45272346-651b-4836-9c3b-eb0e80484819,urinate.engineering,available,10.48,85.98,medium,low,7,namecheap,,,13/09/2026 09:41
1d4939f0-d01e-4c60-8bce-aabb6a452b7c,ashir.engineering,available,10.48,85.98,medium,low,5,namecheap,,,20/09/2026 13:53
a5a37b3a-fce5-4fe8-9676-982bdd9313aa,isomorphic.engineering,available,10.48,85.98,high,low,10,namecheap,,,22/08/2026 11:12
3171d1a3-9685-4ba5-8533-7dbfd3e83dc7,stemmed.engineering,available,10.48,85.98,medium,low,7,namecheap,,,11/08/2026 22:33
d96e20f7-a133-4488-855a-c6a5e88a8e5a,sworn.engineering,available,16.99,64.99,high,low,5,namesilo,,,27/09/2026 04:14
7ca300c8-8e29-4300-9377-7ed06ec73755,hubei.engineering,available,16,,medium,low,5,unstoppable,,,30/09/2026 13:23
2250205a-28f4-45a1-adff-5c25a2189966,universality.engineering,available,9.52,51.95,high,low,12,spaceship,,,02/10/2026 11:41
a3aa84c4-cbbc-4494-bdec-8699d7cbc4b2,rotate.engineering,available,50.2,50.2,high,low,6,cloudflare,,,29/09/2026 02:43
47f4b6a2-0f79-4145-b7ce-aa62d31e6956,polynesian.engineering,available,10.48,85.98,high,low,10,namecheap,,,24/08/2026 13:48
57436625-5498-4cb2-a3eb-d8aa98d60623,appendage.engineering,available,10.48,85.98,medium,low,9,namecheap,,,19/09/2026 20:35
ac945a41-139d-409f-b2c0-e743f9d0634a,infection.engineering,available,11.99,86.99,medium,low,9,name.com,,,27/09/2026 04:34
f20fd210-6cab-4055-8321-3c22763295b4,delusions.engineering,available,50.2,50.2,low,low,9,cloudflare,,,30/09/2026 23:37
12a4c27b-2fad-48a1-892f-ed97c2255d48,rama.engineering,available,16.99,64.99,high,low,4,namesilo,,,27/09/2026 15:30
d4ca8f98-c036-49e7-818d-f40614a3b1f7,primeval.engineering,available,10.48,85.98,high,low,8,namecheap,,,09/09/2026 02:02
196e4d69-c3e8-48fa-89cb-bc8f2858d07a,bessie.engineering,available,6.69,52.01,medium,low,6,porkbun,,,28/09/2026 03:55
74383867-81da-4023-900f-68bae22e3356,breastless.engineering,available,10.48,85.98,medium,low,10,namecheap,,,11/08/2026 03:14
cc7cfc3c-6b8c-413e-aca3-da449a5bba86,dubrovnik.engineering,available,16,,medium,low,9,unstoppable,,,01/10/2026 19:16
7d9b7f22-9133-401c-af43-8c4773706da7,snowstorms.engineering,available,16.99,64.99,low,low,10,namesilo,,,19/09/2026 21:56
4f01e25a-bb8b-45ff-bfcb-6ee30a177b73,mckay.engineering,available,16.99,64.99,high,low,5,namesilo,,,25/09/2026 16:25
942b9097-aaef-49cf-a4ec-48756e1bbec1,abaxial.engineering,available,10.48,85.98,medium,low,7,namecheap,,,
4c40afcb-9a8c-494e-8dce-10d2fde940d9,intricate.engineering,available,16.99,64.99,high,low,9,namesilo,,,25/09/2026 10:49
3f19bde9-e1c7-4a9f-8fae-d89da560ef8d,tatar.engineering,available,16.99,64.99,high,low,5,namesilo,,,29/09/2026 01:41
95fa29b1-2e79-41b8-83c5-c92c6dbd734d,gallantly.engineering,available,10.48,85.98,medium,low,9,namecheap,,,14/09/2026 06:45
197768fc-7ef6-442e-a717-4e928afaf074,nightclub.engineering,available,16,,high,low,9,unstoppable,,,29/09/2026 00:18
5ed6d188-7f3c-4373-826a-f8bddec4ec57,hewitt.engineering,available,16.99,64.99,high,low,6,namesilo,,,25/09/2026 15:59
b5ae0bdd-cf47-40c2-9de1-6644d65ed65e,unspecified.engineering,available,16.99,64.99,medium,low,11,namesilo,,,02/10/2026 01:19
3091631f-4a1c-409f-837a-6ca7b6088c22,pee.engineering,available,10.48,85.98,medium,low,3,namecheap,,,13/09/2026 09:51
4cf42e43-1746-47bc-9bfb-3d34a2e2c31e,pedagogic.engineering,available,10.48,85.98,medium,low,9,namecheap,,,08/09/2026 12:15
9e3989ed-5a12-4e0b-a147-8084367c3c1d,rents.engineering,available,16.99,64.99,high,low,5,namesilo,,,30/09/2026 15:40
48b5508b-3139-44cf-b634-982e35143060,condensed.engineering,available,16.99,64.99,medium,low,9,namesilo,,,01/10/2026 06:05
5d27956e-5eb5-448d-87c0-8a63cde68002,warn.engineering,available,50.2,50.2,high,low,4,cloudflare,,,28/09/2026 03:18
62b3f9c4-23bc-4d71-a342-219c16ce78f9,activism.engineering,available,10.48,85.98,high,low,8,namecheap,,,17/09/2026 05:15
be489f6a-2def-4a98-b1a5-a451938a5466,medici.engineering,available,16.99,64.99,high,low,6,namesilo,,,25/09/2026 23:33
80277d35-a067-4cff-9bd9-c544a39ed599,narcotics.engineering,available,6.64,53.72,medium,low,9,dynadot,,,28/09/2026 22:46
9c32171d-e9bb-410b-9cae-3d2e8951439f,middleton.engineering,available,16.99,64.99,high,low,9,namesilo,,,25/09/2026 09:23
728829b5-33bd-4ab7-93ea-427d32241f11,anaglyphic.engineering,available,10.48,85.98,medium,low,10,namecheap,,,
933687ab-fdd4-4110-bcd8-aca02b9fc646,junction.engineering,available,9.52,51.95,high,low,8,spaceship,,,01/10/2026 16:14
bc71857a-f34e-4319-b757-f87ac9d6c156,troopers.engineering,available,6.69,52.01,medium,low,8,porkbun,,,30/09/2026 16:00
fc4809b8-448b-49ef-92ef-ca8d53e82ab8,manuals.engineering,available,16.99,64.99,medium,low,7,namesilo,,,20/09/2026 09:33
709ebf8b-d013-4527-8258-82783408fdbb,batman.engineering,available,9.52,51.95,high,low,6,spaceship,,,29/09/2026 01:33
85615f3e-62c1-481b-9119-75f3d3c8d188,parris.engineering,available,6.64,53.72,medium,low,6,dynadot,,,30/09/2026 20:35
c5f7e3ad-477a-4ddb-acff-790e65dfb692,calorie.engineering,available,16.99,64.99,high,low,7,namesilo,,,24/09/2026 11:50
97d094f5-5960-4cf5-bef7-efac9406b299,jed.engineering,available,16.99,64.99,medium,low,3,namesilo,,,01/10/2026 23:48
663a72ef-231b-4fde-ab2f-30ea05eab9ff,niche.engineering,available,16.99,64.99,high,low,5,namesilo,,,30/09/2026 17:07
bdf0c20b-28bb-4492-b52d-045846b5d426,technicals.engineering,available,11.99,,high,low,10,name.com,,,18/09/2026 20:39
7c47a99d-83ae-40aa-9c1f-112f11edb9fd,cdc.engineering,available,16.99,64.99,high,low,3,namesilo,,,25/09/2026 22:11
01126c46-233e-421a-bd0a-249053b665e7,sickish.engineering,available,10.48,85.98,low,low,7,namecheap,,,03/09/2026 14:05
587b5e1d-c3ac-40f4-91eb-52d1677b2c73,orally.engineering,available,10.48,85.98,medium,low,6,namecheap,,,15/09/2026 18:11
24db5c96-43ec-4610-900f-6b171dcfa201,purblind.engineering,available,10.48,85.98,medium,low,8,namecheap,,,14/08/2026 07:58
7830c2c0-2ddb-4518-a8b6-4b13f8fe9186,miley.engineering,available,16.99,64.99,medium,low,5,namesilo,,,01/10/2026 10:18
46659079-03f7-4a3b-a9bf-85eda63e3c5e,organismal.engineering,available,10.48,85.98,high,low,10,namecheap,,,04/09/2026 17:47
2321bb81-0704-4d65-80cf-00a7af07d7d6,rack.engineering,available,16.99,64.99,high,low,4,namesilo,,,27/09/2026 15:29
a6e92068-2e50-4fca-bd05-8c2ba67193c1,criminology.engineering,available,9.52,51.95,medium,low,11,spaceship,,,02/10/2026 21:26
13f05844-70a0-4579-84ac-0596f52249be,treatments.engineering,available,9.52,51.95,medium,low,10,spaceship,,,29/09/2026 04:46
710010e0-98a6-4058-aa1d-c86fc1b0686a,diocesan.engineering,available,10.48,85.98,medium,low,8,namecheap,,,14/08/2026 08:18
cb516a56-5a32-4459-a6bb-468ab55be837,acentric.engineering,available,10.48,85.98,medium,low,8,namecheap,,,
9b83ce7c-5a36-411c-a00a-1b1f0f6cc022,sculptured.engineering,available,10.48,85.98,high,low,10,namecheap,,,20/08/2026 18:52
e4964b99-6fc0-4189-87cf-6cbefcda4a74,tca.engineering,available,9.52,51.95,high,low,3,spaceship,,,30/09/2026 20:56
9424f19f-e1c0-4c4b-8abd-34011efe9b96,tarawa.engineering,available,10.48,85.98,medium,low,6,namecheap,,,21/09/2026 19:26
e6c852da-4d05-4d33-848f-1c865ce3fc86,pitchers.engineering,available,16.99,64.99,medium,low,8,namesilo,,,02/10/2026 13:59
fedaed46-8d0a-49d4-95e0-824d6de12ceb,protesters.engineering,available,16,,medium,low,10,unstoppable,,,02/10/2026 03:18
f3691099-445b-4912-ba45-07f31e5b63d4,hirsch.engineering,available,10.48,85.98,high,low,6,namecheap,,,27/09/2026 07:27
9802de11-25f4-4265-b933-4058a9cb7574,inculpable.engineering,available,10.48,85.98,medium,low,10,namecheap,,,10/08/2026 12:55
9eecee20-49ee-4427-92e0-1b0a0b21983c,sameness.engineering,available,10.48,85.98,medium,low,8,namecheap,,,21/08/2026 15:12
a564da5b-8b5c-4f73-b74f-99f708b6bf08,ins.engineering,available,9.52,51.95,high,low,3,spaceship,,,02/10/2026 15:48
d167b4fc-aeb2-49ba-9e6e-0738fb9afd4f,slipped.engineering,available,16.99,64.99,high,low,7,namesilo,,,18/09/2026 02:25
3c57c1ff-f618-413d-a89a-095871b281cd,donkeywork.engineering,available,10.48,85.98,medium,low,10,namecheap,,,08/09/2026 21:22
933b812a-9272-4f42-b551-6c02f729584b,requiring.engineering,available,9.52,51.95,medium,low,9,spaceship,,,30/09/2026 03:46
c50e429e-2967-45ad-9ab0-0a26e7a69a37,aurochs.engineering,available,16.99,64.99,medium,low,7,namesilo,,,21/09/2026 04:34
1fa3317f-25b8-4ff9-8b4b-a12c759aeb77,sufferer.engineering,available,10.48,85.98,medium,low,8,namecheap,,,24/09/2026 22:36
085444ad-1ab9-44d6-bec8-0b25dcf6623c,disraeli.engineering,available,16.99,64.99,medium,low,8,namesilo,,,23/09/2026 08:17
02bcd8a1-0779-48c2-bb36-0bc0a6ea21a2,flavorsome.engineering,available,10.48,85.98,medium,low,10,namecheap,,,18/08/2026 07:12
71a1d97d-df84-4209-8333-adcbf1673f7d,sternberg.engineering,available,9.52,51.95,medium,low,9,spaceship,,,29/09/2026 15:45
2035849c-efe4-4cf3-9403-cabe410b5eba,bully.engineering,available,10.48,85.98,high,low,5,namecheap,,,08/08/2026 12:15
4bd87c13-8306-488a-a424-a8aff2a8cf85,satisfying.engineering,available,10.48,85.98,high,low,10,namecheap,,,12/08/2026 03:47
7a008a85-c9dc-4ccf-9ff2-da85f742cade,ruffle.engineering,available,10.48,85.98,high,low,6,namecheap,,,11/09/2026 05:07
e37d5b89-d4af-411c-a2f3-1e37ce6e2aa2,huntington.engineering,available,16.99,64.99,high,low,10,namesilo,,,25/09/2026 04:18
d0a25bc5-b2a3-4645-bac3-25f610683eae,studied.engineering,available,10.48,85.98,high,low,7,namecheap,,,10/09/2026 22:59
c54cfdef-cab9-4436-a589-2afb70dc1275,amiable.engineering,available,10.48,85.98,high,low,7,namecheap,,,21/09/2026 21:32
4df43f5f-4648-4465-8cdc-0708cc581eb8,replacing.engineering,available,6.64,53.72,medium,low,9,dynadot,,,29/09/2026 02:02
8526849e-2edb-4c39-82fa-ab1bc184fc18,destroying.engineering,available,9.52,51.95,low,low,10,spaceship,,,27/09/2026 21:23
f8a68504-38ab-41ec-8772-f1cff9edbf02,cwa.engineering,available,16.99,64.99,medium,low,3,namesilo,,,29/09/2026 22:10
2cdb0997-01e3-4de3-ad59-92c9b3bfe3c7,hopping.engineering,available,9.52,51.95,medium,low,7,spaceship,,,01/10/2026 05:32
f9b092a7-419b-4ceb-95b2-744d75d7ea1f,abator.engineering,available,16.99,64.99,medium,low,6,namesilo,,,16/09/2026 14:13
5c839632-7257-473e-9ea5-eacc6e8f1d3b,bigwig.engineering,available,16.99,64.99,high,low,6,namesilo,,,23/09/2026 15:30
9be75cfb-f9b1-48c2-b3b8-c51bddab994b,yvonne.engineering,available,16.99,64.99,high,low,6,namesilo,,,28/09/2026 03:58
ddf518b1-f700-4594-bd85-9de7fc241177,armageddon.engineering,available,16.99,64.99,medium,low,10,namesilo,,,20/09/2026 06:29
f29fc049-f90a-482f-a80f-280f7d68a55a,polska.engineering,available,16,,high,low,6,unstoppable,,,02/10/2026 16:25
2557a2e1-aa1d-4eae-b402-90d28ae25363,snarl.engineering,available,10.48,85.98,medium,low,5,namecheap,,,24/08/2026 16:56
d14d0915-8413-4994-880b-52e0be8a1160,xenophon.engineering,available,16.99,64.99,medium,low,8,namesilo,,,30/09/2026 03:10
d5a57f8b-68ee-451a-b70a-0d033795feec,fatigued.engineering,available,10.48,85.98,medium,low,8,namecheap,,,14/08/2026 14:49
05665375-8d3b-457b-8cba-1836c6ec8d9c,welch.engineering,available,10.48,85.98,high,low,5,namecheap,,,13/09/2026 10:47
abbd13ac-1731-4e08-8cee-8e9071657858,amenities.engineering,available,10.48,85.98,high,low,9,namecheap,,,18/09/2026 18:52
6459ec7c-ab4d-4768-be62-8f8eadfbe768,berlage.engineering,available,16.99,64.99,medium,low,7,namesilo,,,23/09/2026 09:36
f547acdd-b850-48d1-8b76-509b891a775b,transitive.engineering,available,10.48,85.98,high,low,10,namecheap,,,11/09/2026 18:55
68426c33-aa54-4352-a3a3-e51e8061a74a,amain.engineering,available,10.48,85.98,medium,low,5,namecheap,,,13/09/2026 19:25
cf8d1278-be94-4b76-892e-fc474e6a83e5,heartbroken.engineering,available,9.52,51.95,medium,low,11,spaceship,,,01/10/2026 22:52
251dde97-b4aa-4299-a51b-5f90e75ed6ad,rodney.engineering,available,6.69,52.01,high,low,6,porkbun,,,28/09/2026 03:52
1c12a705-b65d-4fa0-8066-ddb8ffe5de9b,wishes.engineering,available,11.99,86.99,medium,low,6,name.com,,,25/09/2026 20:13
f5c0f3a5-1b4a-48cf-868e-438e80bdf71c,stripper.engineering,available,9.52,51.95,high,low,8,spaceship,,,29/09/2026 06:42
a27da17e-811b-4ac9-91d5-56780ad5be0a,registers.engineering,available,50.2,50.2,low,low,9,cloudflare,,,01/10/2026 00:08
e859eac1-78fb-42a1-80d7-0edbeb7717da,recovering.engineering,available,16.99,64.99,high,low,10,namesilo,,,23/09/2026 22:44
d69c1a9c-9396-4a86-9212-ac3b770836a9,clack.engineering,available,16.99,64.99,medium,low,5,namesilo,,,23/09/2026 23:30
d03d2cc0-6884-4634-987a-398954c6c0dd,plow.engineering,available,16.99,64.99,high,low,4,namesilo,,,02/10/2026 04:34
25938d26-a611-446d-97e9-4f18b0d39fa9,rambo.engineering,available,16.99,64.99,high,low,5,namesilo,,,01/10/2026 23:13
06e5bc3a-6e9d-4afc-8656-0d5cd94b6af7,wildfire.engineering,available,16.99,64.99,high,low,8,namesilo,,,01/10/2026 04:06
56e56862-a283-4aef-82b0-eed6bb83cf0f,carries.engineering,available,16.99,64.99,medium,low,7,namesilo,,,28/09/2026 04:37
18760a9c-cf2a-490d-8c36-78a62e8001fc,wald.engineering,available,16,,high,low,4,unstoppable,,,29/09/2026 21:04
3f877d14-ce68-4ee1-a263-cb0bf4cd0e97,atelier.engineering,available,16.99,64.99,high,medium,7,namesilo,,,20/09/2026 11:53
a7d960ca-4608-437b-a98f-2d65ceac4783,cassell.engineering,available,9.52,51.95,high,low,7,spaceship,,,02/10/2026 00:55
56ca42cd-cb4a-4c36-8281-09a69aca3da0,zionist.engineering,available,10.48,85.98,high,low,7,namecheap,,,13/09/2026 15:21
54262908-b249-4190-b557-5d6dcd57983d,crucify.engineering,available,10.48,85.98,medium,low,7,namecheap,,,14/08/2026 21:17
77c91201-ffce-4438-abf9-67e4b3436c84,pit.engineering,available,16.99,64.99,high,low,3,namesilo,,,24/09/2026 13:22
c57e19fd-7a5c-46a1-9dbf-5cda860e7a4e,ghanaian.engineering,available,10.48,85.98,high,low,8,namecheap,,,18/08/2026 23:10
fe4171c4-a8dc-436f-aabf-61ac93cd53dc,inch.engineering,available,16.99,64.99,high,low,4,namesilo,,,25/09/2026 08:00
f3b1d332-5fd8-4717-9f85-964de4493b2d,wait.engineering,available,10.48,85.98,high,low,4,namecheap,,,13/09/2026 07:44
b533c21e-3a58-455f-9121-7730f04ece77,pleasant.engineering,available,10.48,85.98,high,low,8,namecheap,,,27/09/2026 04:06
576cce4c-fcc1-4c9b-8350-b577254a64d9,deserving.engineering,available,10.48,85.98,high,low,9,namecheap,,,14/08/2026 03:29
99544b32-ca6a-41d6-80fe-bd583a45e070,bruxelles.engineering,available,16.99,64.99,high,low,9,namesilo,,,23/09/2026 04:57
ec797afa-4858-428f-b4cf-321b996c0a3b,lad.engineering,available,16.99,64.99,high,low,3,namesilo,,,28/09/2026 00:53
ed5a59ec-ae5f-4046-a4be-ed4f0caa6a8a,wolfe.engineering,premium,520,520,high,low,5,namecheap,,,25/09/2026 10:55
e9554c27-042a-4ce2-bac6-6bcdab47de50,berlin.engineering,premium,242,242,high,medium,6,namesilo,,,29/09/2026 02:06
c5d44c10-05aa-467d-9e58-810052ea5feb,potentiality.engineering,available,9.52,51.95,high,low,12,spaceship,,,03/10/2026 04:48
aab42e06-2bcd-4347-93fc-8d279cb658e2,consolation.engineering,available,16.99,64.99,medium,low,11,namesilo,,,28/09/2026 22:58
fe9b7817-576d-4c8f-be98-b2d47a25d0da,drubbing.engineering,available,10.48,85.98,medium,low,8,namecheap,,,13/09/2026 07:58
d905b64f-50b9-4a9b-bd39-75a2ead507c2,alabaster.engineering,available,10.48,85.98,high,low,9,namecheap,,,
f694bffd-90db-4d47-8d34-09959491217b,homoerotic.engineering,available,10.48,85.98,medium,low,10,namecheap,,,21/08/2026 12:51
65e41667-33f2-472a-a89f-d6395a943197,araneus.engineering,available,16.99,64.99,medium,low,7,namesilo,,,20/09/2026 00:05
d7b4f8f8-143a-4085-9cf9-a71182cc001f,dependence.engineering,available,16.99,64.99,medium,low,10,namesilo,,,17/09/2026 06:54
457a630f-547f-49d7-83fc-3d8edd2929c3,indonesian.engineering,available,10.48,85.98,high,low,10,namecheap,,,22/08/2026 03:20
851fce4b-d433-4d1d-8bd2-bf8494b1d9a7,techniques.engineering,available,16.99,64.99,high,low,10,namesilo,,,19/09/2026 01:18
3521b6c8-20e7-4209-a705-61bcc95782db,bilberry.engineering,available,16.99,64.99,medium,low,8,namesilo,,,23/09/2026 15:37
1840094f-571a-4c95-8d6b-b6e1abdfed20,habib.engineering,available,6.69,52.01,high,low,5,porkbun,,,29/09/2026 15:09
7c678c46-3f36-4867-8c90-a34fb3d7d676,broadband.engineering,available,10.48,85.98,high,low,9,namecheap,,,30/09/2026 09:42
2d4d84a3-abe4-4132-bb74-9de3c5a55030,you.engineering,resell,,,high,medium,3,Dynadot Inc,13/05/2021 19:40,13/05/2027 19:40,30/09/2026 21:57
5ae44753-c7f7-4f2a-b33b-60332648219f,contingency.engineering,available,16.99,64.99,high,low,11,namesilo,,,29/09/2026 22:54
950979c9-1fd8-4205-8f06-7c2e618afe46,launching.engineering,available,16.99,64.99,high,low,9,namesilo,,,29/09/2026 00:37
ac66a2d2-af20-49dc-add6-0540bfa1a5e1,subnormal.engineering,available,10.48,85.98,medium,low,9,namecheap,,,11/09/2026 00:28
9e89afa4-6799-4f10-930a-73fda61c38d0,assumptions.engineering,available,16.99,64.99,medium,low,11,namesilo,,,30/09/2026 00:31
5d3b293c-9b3d-4c49-af85-a8b7e16f9526,aloud.engineering,available,16.99,64.99,high,low,5,namesilo,,,25/09/2026 14:25
f45b74f6-72a9-4585-ac49-50dd0f7d5520,championships.engineering,available,10.48,85.98,medium,low,13,namecheap,,,30/09/2026 06:40
5e7cc87b-0dbb-4c73-a8cb-aa8724bd4e16,yerkes.engineering,available,6.64,53.72,medium,low,6,dynadot,,,03/10/2026 01:55
42d0c5be-6685-48ba-b405-a90c5b977657,gustative.engineering,available,10.48,85.98,medium,low,9,namecheap,,,20/08/2026 21:08
13ff12b3-584c-4ef1-9a95-e853ed92d81a,cast.engineering,available,9.52,51.95,high,low,4,spaceship,,,27/09/2026 20:35
d331e5ff-9807-45fd-a2c7-94fb8d6fc45b,chatterer.engineering,available,16.99,64.99,medium,low,9,namesilo,,,21/09/2026 12:24
56a4f0d4-6e95-4819-8b82-cfec1d54097a,emollient.engineering,available,10.48,85.98,medium,low,9,namecheap,,,14/08/2026 01:39
5f7515a6-c95d-4799-927d-c50af8bf156d,taking.engineering,available,10.48,85.98,high,low,6,namecheap,,,18/08/2026 02:22
bac774d4-8e97-4b42-9217-a7c2e853f579,teton.engineering,available,10.48,85.98,high,low,5,namecheap,,,30/09/2026 02:07
b6789120-c51f-4557-8b74-aec0748bcae0,cislunar.engineering,available,10.48,85.98,medium,low,8,namecheap,,,12/08/2026 08:30
0b11379f-e3c4-472d-915f-5c2c3b7b3637,bifid.engineering,available,10.48,85.98,medium,low,5,namecheap,,,09/08/2026 19:59
a10f6378-708a-42f9-9280-e275cf7eb633,impressive.engineering,available,10.48,85.98,high,low,10,namecheap,,,21/08/2026 23:04
334a59dd-436d-45ad-b89f-cf0298ec2048,queasy.engineering,available,10.48,85.98,medium,low,6,namecheap,,,24/08/2026 08:26
81809f31-2864-4fad-b87b-80e50d4782be,satisfies.engineering,available,16.99,64.99,medium,low,9,namesilo,,,20/09/2026 14:54
13227ded-8b0d-4d0a-8c10-680f4b6c7b7f,cavern.engineering,available,23.99,115.99,high,low,6,godaddy,,,01/10/2026 01:18
06ac172f-6d3f-4a1f-a4ef-d77f4b7d57bc,closure.engineering,available,10.48,85.98,high,low,7,namecheap,,,24/09/2026 15:56
0e93f7a2-bd90-48f8-9ec3-b1779d8b7370,acceleration.engineering,available,6.69,52.01,high,low,12,porkbun,,,30/09/2026 05:46
ada3865c-5251-4581-8fd5-946baddb3917,dauntless.engineering,available,16.99,64.99,high,low,9,namesilo,,,22/09/2026 12:12
39f3845f-f067-4a83-8eeb-e02c0bf1b678,nazi.engineering,available,10.48,85.98,medium,low,4,namecheap,,,03/09/2026 13:40
f9ec522c-2dd7-4b5d-bd88-652dc72c3acf,unite.engineering,available,16.99,64.99,high,low,5,namesilo,,,24/09/2026 16:23
19d86af9-f040-4651-a447-2f9781740d55,sequester.engineering,available,10.48,85.98,medium,low,9,namecheap,,,12/08/2026 21:06
7c7b7623-4e15-4e2d-9cd4-5aa411d6e0ec,victim.engineering,available,9.52,51.95,high,low,6,spaceship,,,29/09/2026 17:12
4ca915c8-9b66-4b06-a324-e90a9277227e,avenues.engineering,available,16.99,64.99,medium,low,7,namesilo,,,01/10/2026 17:25
57b1e691-36ef-4196-87c9-af90da25a536,dismantled.engineering,available,10.48,85.98,medium,low,10,namecheap,,,14/08/2026 01:22
635858a1-3940-4813-8b46-b66f6aa0f316,overeager.engineering,available,10.48,85.98,medium,low,9,namecheap,,,04/09/2026 20:31
42dad10c-fa74-4dc1-997b-b711d0b7ea8e,anarchist.engineering,available,16.99,64.99,high,low,9,namesilo,,,19/09/2026 02:24
a5615510-129e-4577-b854-0787598397cd,prescriptions.engineering,available,16.99,64.99,medium,low,13,namesilo,,,01/10/2026 18:41
db7919ce-2e06-4b9a-9605-27221c03d564,judea.engineering,available,9.52,51.95,medium,low,5,spaceship,,,29/09/2026 07:23
9f30b499-376f-4c4e-bb3f-09903e6138da,naively.engineering,available,10.48,85.98,medium,low,7,namecheap,,,15/09/2026 16:00
1a99955d-0ae1-4ab0-830e-70afe65bef0e,galen.engineering,available,10.48,85.98,high,low,5,namecheap,,,02/10/2026 15:22
4839e72a-7a14-40d8-bd9f-0067f3ff8f9e,frieda.engineering,available,9.52,51.95,high,low,6,spaceship,,,01/10/2026 08:48
27ec6488-deb2-43e7-9b88-8cba7c334084,grayson.engineering,available,50.2,50.2,medium,low,7,cloudflare,,,28/09/2026 00:47
6d9b12d6-32b4-4e9e-bba6-7cf45772c290,empyrean.engineering,available,10.48,85.98,medium,low,8,namecheap,,,16/08/2026 20:51
c8b26ca1-a9d3-49cd-8fa9-64fb9e4d9834,contrabass.engineering,available,10.48,85.98,medium,low,10,namecheap,,,12/08/2026 23:28
bea3e532-a630-45a8-b269-0c8b912aae37,disfigure.engineering,available,10.48,85.98,medium,low,9,namecheap,,,24/09/2026 05:36
aa4a15db-0a99-4ceb-b816-d20d3226a6d0,plastered.engineering,available,10.48,85.98,medium,low,9,namecheap,,,09/08/2026 15:43
4b6965bc-a5d5-496f-9e0b-faeb8093886b,alhambra.engineering,available,16.99,64.99,high,low,8,namesilo,,,18/09/2026 07:18
5daedd35-000e-4458-900c-b79a7d6726a2,focuses.engineering,available,16.99,64.99,medium,low,7,namesilo,,,20/09/2026 21:43
fce470b0-cfac-46f2-9892-155d856be0f1,dishonesty.engineering,available,16.99,64.99,medium,low,10,namesilo,,,29/09/2026 15:54
d8643e9f-0a8c-4117-9dde-caeeda754fde,whereas.engineering,available,10.48,85.98,high,low,7,namecheap,,,01/10/2026 00:02
812d059a-6c9d-482f-8bde-069d1564353e,dutiful.engineering,available,10.48,85.98,medium,low,7,namecheap,,,14/08/2026 21:39
36b03507-4b83-4f89-8a20-a59512b6f32b,salacious.engineering,available,10.48,85.98,medium,low,9,namecheap,,,23/08/2026 00:40
59e62fdb-001a-4d2c-a4c4-2781384934bd,balaton.engineering,available,10.48,85.98,medium,low,7,namecheap,,,21/09/2026 21:18
528523e3-3444-4521-9825-57499e558ebe,uncivil.engineering,available,10.48,85.98,medium,low,7,namecheap,,,12/09/2026 05:12
976af48d-95aa-4e30-8df4-6322b40d1662,trimmed.engineering,available,10.48,85.98,high,low,7,namecheap,,,11/09/2026 20:02
545997fd-9b3c-49f0-8171-de0c4d9b7577,inanimate.engineering,available,10.48,85.98,high,low,9,namecheap,,,22/08/2026 00:17
666c6e46-1cad-470b-8782-5a8eb3ec009e,gadolinium.engineering,available,16.99,64.99,medium,low,10,namesilo,,,20/09/2026 23:27
089de514-d5e1-4e51-8523-81831b72994e,vary.engineering,available,16.99,64.99,high,low,4,namesilo,,,25/09/2026 21:59
a76f6450-198d-4b8d-9468-8ae5cebd51ff,selfish.engineering,available,50.2,50.2,medium,low,7,cloudflare,,,27/09/2026 19:59
24dc38a8-b636-469e-8d2a-4dbe2d3000e7,pepys.engineering,available,9.52,51.95,medium,low,5,spaceship,,,30/09/2026 18:18
29fd3014-ca09-448b-85cd-7a9ad1978dc1,avignon.engineering,available,16.99,64.99,medium,low,7,namesilo,,,21/09/2026 09:35
aec42b7b-3c1d-4092-871a-38252391d903,kuhn.engineering,available,23.99,115.99,high,low,4,godaddy,,,28/09/2026 02:14
c2575d58-f73f-4b15-9122-16a9684e1429,alchemist.engineering,available,10.48,85.98,high,low,9,namecheap,,,18/09/2026 03:58
fc131176-4f43-406b-bcb5-177080eefbb2,naomi.engineering,available,16.99,64.99,medium,low,5,namesilo,,,28/09/2026 14:57
aaaa1140-237b-41f3-a8d6-f238eadddb77,lubricant.engineering,available,16,,high,low,9,unstoppable,,,01/10/2026 20:24
40086b29-4d74-4a4f-a748-e02169b7e32f,petition.engineering,available,16.99,64.99,high,low,8,namesilo,,,28/09/2026 10:38
165e42d2-a1e5-42d0-a2a5-7af04ec05234,levin.engineering,available,9.52,51.95,high,low,5,spaceship,,,01/10/2026 15:17
15fb7037-3ba4-46e3-a388-ee8c02a16593,slicked.engineering,available,10.48,85.98,medium,low,7,namecheap,,,08/09/2026 20:52
708f4522-4ed1-4aeb-9048-db58e91156da,althaea.engineering,available,16.99,64.99,medium,low,7,namesilo,,,18/09/2026 14:53
f6f16839-568d-4753-837e-184c9dea4920,fill.engineering,available,50.2,50.2,high,low,4,cloudflare,,,27/09/2026 11:50
bbe51d98-91ee-47d6-a7be-c21182df1d4e,ram.engineering,available,16.99,64.99,high,low,3,namesilo,,,20/09/2026 05:25
0d8cfb4e-1122-491b-a359-6840967be5f9,brighton.engineering,available,16.99,64.99,high,low,8,namesilo,,,24/09/2026 10:19
33c483b7-14c5-407d-afef-a004f0a8a9a9,deciders.engineering,available,10.48,85.98,medium,low,8,namecheap,,,20/09/2026 23:38
b10dfd88-0771-42d1-9566-303abe24b44b,flowering.engineering,available,10.48,85.98,high,low,9,namecheap,,,18/08/2026 09:02
57d578a0-baf5-4e4c-a99b-9d5486bf5c2d,alluvion.engineering,available,10.48,85.98,medium,low,8,namecheap,,,18/09/2026 12:21
def45f53-e08b-44cd-922d-fdd951f09833,noe.engineering,available,9.52,51.95,high,low,3,spaceship,,,01/10/2026 09:31
18a4eead-1284-4304-9de6-f01aaad65c58,thank.engineering,available,9.52,51.95,high,low,5,spaceship,,,30/09/2026 20:04
c56ab460-b302-497c-8aad-8b53754ce537,hoggish.engineering,available,10.48,85.98,low,low,7,namecheap,,,21/08/2026 10:16
d559a930-b346-47e8-9d6a-ce429f7e42d7,feast.engineering,available,16.99,64.99,high,low,5,namesilo,,,22/09/2026 03:01
8b789afb-fa4c-4a67-a1c1-656572b5cf48,uub.engineering,available,16.99,64.99,medium,low,3,namesilo,,,20/09/2026 22:14
957b5076-319e-4dcf-bdc9-725d487d7527,panel.engineering,available,10.48,85.98,high,low,5,namecheap,,,19/09/2026 11:40